timestamp,co,h,no2,o3,p,"pm25 (Now Cast, not ug/m3)",t,w,wg
10/15/2025 15:00,1.8,50,2.8,36.8,1006.7,6,10.5556,1.5,6
10/15/2025 16:00,1.8,51,2.8,36.1,1006.9,8,10.5556,1.6,5.6
10/16/2025 14:00,1.2,69,4.7,31.2,1015.1,13,20.5556,1.6,0.5
10/16/2025 15:00,1.2,65,4.7,32,1015.2,18,18.3333,1.6,2
10/16/2025 18:00,2.8,58,8.4,28.9,1015.6,16,14.4444,1.6,1.7
10/16/2025 19:00,2.3,64,13,19.2,1016,22,17.7778,1.6,1.7
10/16/2025 21:00,1.4,69,8.4,19.2,1016.5,27,20.5556,1.6,1.7
10/16/2025 23:00,0.9,73,9.3,14.5,1016.3,21,22.7778,1.6,1.7
10/17/2025 0:00,1.2,74,6.5,16,1016.8,22,23.3333,1.6,1.7
10/17/2025 1:00,1.5,79,8.4,9.6,1017,23,26.1111,1.6,1.7
10/17/2025 2:00,1.5,82,11.2,6.4,1017,20,27.7778,1.6,1.7
10/17/2025 5:00,2.3,86,15.8,1.6,1016.5,25,4.91111,1.6,1.7
10/17/2025 6:00,2.5,88,17.6,0.8,1016.3,26,31.1111,1.6,1.7
10/17/2025 8:00,3.3,88,20.4,1.6,1018.3,44,26.1111,1.6,1.7
10/17/2025 11:00,0.4,60,16.7,24.1,1017.1,37,15.5556,1.6,3
10/17/2025 12:00,0.4,51,4.7,29.6,1016.7,23,10.5556,0.5,3.5
10/17/2025 13:00,0.4,48,6.5,30.4,1015.9,32,8.88889,0.5,4
10/17/2025 14:00,0.4,49,5.6,31.2,1014.8,59,9.44444,1.3,6
10/17/2025 16:00,0.4,44,3.8,34.4,1013.6,21,6.66667,1.6,5.3
10/17/2025 17:00,0.4,44,3.8,32.8,1014.3,16,14.2,0.3,4.6
10/17/2025 18:00,0.3,47,6.5,28.9,1014.2,16,13.4,0.3,4.6
10/17/2025 19:00,2.2,55,14.9,16.8,1014.5,20,11.4278,0.3,4.6
10/17/2025 20:00,1.5,61,13,16.8,1014.6,20,9.98889,0.3,4.6
10/17/2025 21:00,0.9,61,10.2,18.4,1015,22,9.56111,0.3,4.6
10/17/2025 22:00,1.7,65,12.1,15.2,1014.8,28,8.71111,0.3,4.6
10/17/2025 23:00,1,69,10.2,14.5,1015.1,19,7.68889,0.3,4.6
10/18/2025 1:00,1,69,10.2,12.1,1015.5,18,6.94444,0.3,4.6
10/18/2025 3:00,0.6,73,10.2,10.4,1015.7,18,6.60556,0.3,4.6
10/18/2025 5:00,1.3,78,10.2,6.4,1016,19,5.48889,0.3,4.6
10/18/2025 7:00,2.7,81,18.6,2.4,1017.4,18,4.41111,0.3,4.6
10/18/2025 8:00,3.9,76,19.5,5.6,1019,24,6.00556,0.3,4.6
10/18/2025 9:00,2.8,70,13,13.6,1019.6,33,10,0.3,0.6
10/18/2025 11:00,1,48,6.5,28.1,1019.8,26,15.2111,0.5,6
10/18/2025 13:00,0.4,39,1.9,36.1,1019.1,16,16.1389,1.5,6
10/18/2025 14:00,0.4,38,1,37.6,1018.8,18,16.6222,1,7
10/18/2025 17:00,0.3,35,2.8,36.8,1018.5,18,17.4722,0.7,3.5
10/18/2025 19:00,4.2,50,20.4,13.6,1018.8,52,13.0222,0.7,2.3
10/18/2025 20:00,1.5,49,9.3,24.1,1018.9,28,12.0111,0.7,2.3
10/18/2025 21:00,2.9,53,16.7,13.6,1018.9,45,11.1389,0.7,2.3
10/18/2025 22:00,3.8,58,20.4,8.8,1018.8,46,10.1222,0.7,2.3
10/18/2025 23:00,2.8,56,14.9,16,1018.1,37,10.2778,0.7,2.3
10/19/2025 0:00,3,59,14.9,13.6,1017.6,43,9.22222,0.7,2.3
10/19/2025 2:00,1.9,62,13.9,13.6,1016.3,35,8.32778,0.7,2.3
10/19/2025 4:00,1.3,68,13,9.6,1014.7,33,6.74444,0.7,2.3
10/19/2025 5:00,1.2,70,13,8.8,1014.1,27,6.27222,0.7,2.3
10/19/2025 6:00,1.3,71,20.4,6.4,1013.2,28,6.23889,0.7,2.3
10/19/2025 8:00,3.3,73,19.5,5.6,1013.9,28,22.7778,0.7,3.3
10/19/2025 9:00,1.4,57,9.3,20,1013.8,25,13.8889,0.2,2.5
10/19/2025 10:00,0.3,47,4.7,26.4,1012.8,23,15.7278,0.2,1.5
10/19/2025 11:00,0.3,38,3.8,29.6,1011.2,24,3.33333,5.5,18.5
10/19/2025 12:00,0.3,29,1,36.1,1009.7,25,21.3722,6,20.5
10/19/2025 13:00,0.3,27,1,36.8,1008.4,25,21.8,4.5,16.5
10/19/2025 14:00,0.3,28,1,36.8,1007.3,22,-2.22222,6.5,20.5
10/19/2025 15:00,0.3,27,1,36.8,1006.1,21,22.7889,5,19
10/19/2025 16:00,0.3,27,1.9,36.1,1006,19,23.2889,6.5,14.5
10/19/2025 17:00,0.3,26,1.9,34.4,1004.9,15,23.6222,2,7
10/19/2025 19:00,0.4,27,8.4,25.6,1006.8,28,3.88889,2,7
10/19/2025 20:00,0.4,52,3.8,24.8,1010.1,17,11.1111,2,7
10/19/2025 21:00,0.3,58,2.8,27.2,1011.5,11,14.4444,2,7
10/19/2025 22:00,0.4,61,3.8,26.4,1012.1,10,16.1111,2,7
10/19/2025 23:00,0.4,62,5.6,24.8,1013,8,16.6667,2,7
10/20/2025 0:00,0.3,62,4.7,24.1,1013.3,9,16.6667,2,7
10/20/2025 1:00,0.5,62,4.7,22.4,1014.7,9,16.6667,2,7
10/20/2025 3:00,0.8,62,7.5,10.4,1014.8,10,8.57778,2,7
10/20/2025 4:00,0.9,90,6.5,10.4,1014.9,10,8.57778,2,7
10/20/2025 6:00,1.5,90,13.9,4,1016.7,16,7.23889,2,7
10/20/2025 7:00,3.5,89,17.6,2.4,1017.6,18,4.91667,2,7
10/20/2025 8:00,4.7,87,18.6,4,1019.5,26,5.52222,0.5,1.5
10/20/2025 9:00,3.2,87,17.6,12.8,1020.9,36,5.52222,0.2,3.5
10/20/2025 10:00,0.9,59,17.6,7.3,1021.7,24,10.4722,2,6
10/20/2025 12:00,0.9,47,17.6,6.4,1022.3,15,11.1722,2.5,7.5
10/20/2025 14:00,0.9,42,17.6,6.4,1022.2,11,5.55556,2.3,8
10/20/2025 15:00,0.2,38,17.6,32.8,1022.5,14,3.33333,2,6.5
10/20/2025 16:00,0.2,37,2.8,32,1023.3,10,2.77778,1,4
10/20/2025 19:00,0.5,40,2.8,20,1025.2,19,10,0.6,2.6
10/20/2025 20:00,1.3,50,12.1,18.4,1026.1,12,12.2222,0.6,2.6
10/20/2025 21:00,1,54,8.4,19.2,1026.5,14,6.56667,0.6,2.6
10/20/2025 22:00,1.4,56,10.2,17.6,1027,16,13.3333,0.6,2.6
10/20/2025 23:00,0.4,53,5.6,22.4,1027.4,12,11.6667,0.6,2.6
10/21/2025 0:00,0.4,53,5.6,25.6,1027,11,8.88889,0.6,2.6
10/21/2025 1:00,0.6,53,8.4,19.2,1026.9,17,11.6667,0.6,2.6
10/21/2025 2:00,0.9,51,11.2,16.8,1026.9,23,10.5556,0.6,2.6
10/21/2025 3:00,0.6,53,10.2,16,1026.5,20,11.6667,0.6,2.6
10/21/2025 4:00,1,61,15.8,8.8,1025.7,17,16.1111,0.6,2.6
10/21/2025 5:00,2.5,60,19.5,7.3,1025.9,19,15.5556,0.6,2.6
10/21/2025 6:00,4.2,65,26,1.6,1025.9,27,18.3333,0.6,2.6
10/21/2025 8:00,8.9,65,29.7,3.2,1026.1,35,18.3333,0.6,2.6
10/21/2025 9:00,3.4,52,19.5,14.5,1026.8,30,11.1111,0.6,2.5
10/21/2025 10:00,0.9,50,9.3,22.4,1026.6,33,10,0.6,3
10/21/2025 11:00,0.9,45,10.2,24.1,1025.9,34,7.22222,1,7
10/21/2025 12:00,1,42,12.1,24.1,1024.9,41,5.55556,1.5,5.5
10/21/2025 13:00,0.7,37,11.2,27.2,1023.9,40,2.77778,0.5,4.5
10/21/2025 14:00,0.7,37,11.2,27.2,1023.1,48,2.77778,0.5,2.5
10/21/2025 15:00,0.7,35,13,29.6,1022.4,41,1.66667,1.5,7
10/21/2025 16:00,0.5,34,9.3,32.8,1021.9,27,15.3722,1,5.5
10/21/2025 17:00,0.5,33,9.3,33.6,1021.7,20,14.9111,1.2,3
10/21/2025 18:00,1.4,37,18.6,30.4,1021.7,33,9.44444,1.2,2.6
10/21/2025 19:00,2.6,49,24.1,9.6,1022.1,33,11.6667,1.2,2.6
10/21/2025 21:00,2.5,58,26.9,5.6,1022.1,34,7.83333,1.2,2.6
10/21/2025 22:00,1.2,57,19.5,12.1,1022.1,33,7.40556,1.2,2.6
10/21/2025 23:00,1.2,57,19.5,8,1022.1,26,7.40556,1.2,2.6
10/22/2025 0:00,1.5,63,22.3,4.8,1021.8,26,5.40556,1.2,2.6
10/22/2025 1:00,0.8,68,20.4,4.8,1021.7,25,4.34444,1.2,2.6
10/22/2025 3:00,0.8,67,16.7,8,1020.4,24,3.80556,1.2,2.6
10/22/2025 4:00,0.8,70,20.4,4,1019.7,20,21.1111,1.2,2.6
10/22/2025 5:00,1.5,71,23.2,6.4,1019.9,23,21.6667,1.2,2.6
10/22/2025 7:00,5,71,23.2,0.8,1019.7,23,24.4444,1.2,2.6
10/22/2025 9:00,5,76,23.2,0.8,1020,53,24.4444,1.2,2.6
10/22/2025 11:00,0.7,45,17.6,20.8,1019,72,12.7,1.5,4
10/22/2025 12:00,0.4,39,15.8,24.8,1018.2,56,3.88889,0.5,3.5
10/22/2025 13:00,0.4,40,24.1,22.4,1016.6,62,4.44444,2,5
10/22/2025 14:00,0.4,40,21.3,26.4,1015.2,60,4.44444,2,5
10/22/2025 15:00,0.4,38,18.6,28.1,1015,56,3.33333,1.3,5.3
10/22/2025 18:00,0.4,51,15.8,23.3,1014.6,53,14.7778,1.5,5.2
10/22/2025 19:00,0.5,55,22.3,17.6,1015.7,56,12.8,1.5,5.2
10/22/2025 21:00,1.4,65,29.7,5.6,1016,57,10.8611,1.5,5.2
10/22/2025 22:00,0.8,64,26.9,5.6,1016.5,51,11.0889,1.5,5.2
10/22/2025 23:00,1.4,66,27.8,4,1015.4,48,10.6,1.5,5.2
10/23/2025 0:00,0.6,65,22.3,6.4,1015.1,40,9.93889,1.5,5.2
10/23/2025 1:00,0.9,69,26,4,1015.2,52,9.7,1.5,5.2
10/23/2025 2:00,0.7,71,26,4,1015,54,9.18889,1.5,5.2
10/23/2025 3:00,0.7,76,24.1,2.4,1014.2,50,7.65,1.5,5.2
10/23/2025 4:00,0.2,75,22.3,3.2,1014.2,37,7.03333,1.5,5.2
10/23/2025 5:00,0.9,78,21.3,1.6,1014.5,27,6.01111,1.5,5.2
10/23/2025 6:00,2.4,76,24.1,1.6,1014.3,31,6.59444,1.5,5.2
10/23/2025 7:00,4.2,77,26,0.8,1014.4,37,6.99444,1.5,5.2
10/23/2025 8:00,4.2,77,25.1,2.4,1014.9,43,7.37778,1.5,5.2
10/23/2025 9:00,4.2,70,24.1,5.6,1015.4,60,10.15,1.5,5.2
10/23/2025 10:00,4.2,61,18.6,15.2,1015,58,12.5222,1,3.6
10/23/2025 12:00,4.2,58,10.2,28.9,1014.3,56,14.6611,3,10
10/23/2025 13:00,4.6,55,7.5,32,1013.8,55,15.1889,3.5,8.5
10/23/2025 14:00,1.9,49,6.5,35.2,1013.5,46,16.0889,1,8.5
10/23/2025 15:00,1.6,46,5.6,36.8,1013.5,35,16.5,3.6,9.5
10/23/2025 16:00,1.7,47,4.7,35.2,1013.6,16,16.4389,4.5,11
10/23/2025 18:00,2.9,47,10.2,28.1,1014.6,12,14.4722,3.7,4.3
10/23/2025 20:00,3.7,60,12.1,20,1015.6,10,15.5556,3.7,4.3
10/23/2025 22:00,3.3,60,6.5,24.8,1016.3,10,10.5278,3.7,4.3
10/23/2025 23:00,3.4,63,7.5,21.6,1016.5,10,9.72778,3.7,4.3
10/24/2025 0:00,3.4,64,7.5,20,1016.5,11,9.12222,3.7,4.3
10/24/2025 1:00,3.5,65,6.5,21.6,1016.2,12,8.71111,3.7,4.3
10/24/2025 2:00,4.9,71,13,10.4,1017.2,15,7.45556,3.7,4.3
10/24/2025 3:00,5.4,76,18.6,4.8,1016.8,18,24.4444,3.7,4.3
10/24/2025 4:00,4.5,80,16.7,4.8,1016.5,15,5.15,3.7,4.3
10/24/2025 5:00,4.8,81,19.5,3.2,1016.9,17,4.95556,3.7,4.3
10/24/2025 7:00,8.9,79,25.1,0.8,1017.1,25,5.05556,3.7,4.3
10/24/2025 8:00,11.5,77,26,2.4,1017.9,37,5.95556,3.7,4.3
10/24/2025 10:00,5,57,11.2,20.8,1018.3,37,12.5611,0.5,3
10/24/2025 11:00,3.6,57,7.5,28.1,1017.5,38,12.2222,0.6,4.3
10/24/2025 12:00,4,51,10.2,28.1,1016.8,48,15.2722,1,4
10/24/2025 14:00,3.3,44,6.5,35.2,1015.6,47,16.8722,0.7,3.5
10/24/2025 16:00,3.2,44,7.5,36.1,1015,41,16.5889,0.5,7
10/24/2025 17:00,5.4,41,19.5,35.2,1015,29,6.11111,0.2,2
10/24/2025 19:00,6,53,22.3,14.5,1015.2,30,12.4111,0.2,2
10/24/2025 20:00,6.6,56,17.6,15.2,1015.1,34,11.1,0.2,2
10/24/2025 21:00,7.4,61,26.9,5.6,1015.3,42,9.88889,0.2,2
10/24/2025 22:00,7,57,18.6,13.6,1015.2,39,10.1722,0.2,2
10/24/2025 23:00,7.3,65,25.1,4,1015.4,45,8.7,0.2,2
10/25/2025 0:00,7.6,65,24.1,4,1014.9,44,18.3333,0.2,2
10/25/2025 1:00,7.3,67,25.1,3.2,1014.8,30,7.32778,0.2,2
10/25/2025 2:00,4.5,70,20.4,4.8,1014.1,34,6.41667,0.2,2
10/25/2025 3:00,4.9,71,18.6,4.8,1013.7,31,6.06667,0.2,2
10/25/2025 4:00,3.4,74,19.5,4,1012.9,36,5.48333,0.2,2
10/25/2025 5:00,3,72,19.5,4.8,1012.5,30,6.06667,0.2,2
10/25/2025 6:00,2.9,69,21.3,4.8,1012.6,25,6.00556,0.2,2
10/25/2025 7:00,3.6,69,25.1,2.4,1012.4,25,5.92222,0.2,2
10/25/2025 8:00,5.3,70,25.1,3.2,1013.1,28,6.07222,0.2,3
10/25/2025 9:00,5.2,60,20.4,10.4,1013.2,28,9.48889,0.5,2.5
10/25/2025 11:00,1.2,43,6.5,25.6,1011.8,18,15.6778,0.5,3.5
10/25/2025 12:00,0.9,36,5.6,28.9,1010.8,17,18.1,2.5,12
10/25/2025 13:00,0.8,29,4.7,32,1009.7,15,-1.66667,2.6,13
10/25/2025 14:00,0.5,27,3.8,34.4,1009.2,11,20.1778,2.5,10.5
10/25/2025 15:00,0.5,26,3.8,34.4,1008.5,10,20.4722,2.5,13
10/25/2025 16:00,0.5,26,3.8,34.4,1008.1,9,20.75,3,14
10/25/2025 18:00,1.7,25,3.8,33.6,1006.2,9,20.7222,1,11
10/25/2025 19:00,1.5,24,2.8,36.1,1006.1,8,21.0222,1,11
10/25/2025 20:00,1.5,24,1.9,35.2,1005.8,8,21.0222,1,11
10/25/2025 21:00,1.4,24,1.9,35.2,1006.2,8,20.6111,1,11
10/25/2025 22:00,2,26,1.9,35.2,1006.3,8,20.0778,1,11
10/26/2025 0:00,2,28,1.9,36.1,1005.8,10,19.35,1,11
10/26/2025 2:00,2.8,32,3.8,32.8,1006,11,17.9111,1,11
10/26/2025 3:00,2.6,35,3.8,30.4,1005.6,11,16.8722,1,11
10/26/2025 4:00,2.8,40,7.5,23.3,1005.5,23,4.44444,1,11
10/26/2025 5:00,3.6,48,7.5,20,1005.6,25,13.5611,1,11
10/26/2025 6:00,5.2,51,23.2,12.8,1006,46,12.7389,1,11
10/26/2025 7:00,3.9,56,11.2,20.8,1007.4,59,11.7722,1,11
10/26/2025 8:00,3.9,61,11.2,24.8,1008.9,17,10.8722,1,3
10/26/2025 9:00,3.9,61,11.2,22.4,1007.8,22,10.8722,1,3
10/26/2025 10:00,4.2,66,4.7,24.1,1006.6,18,10.0278,0.5,4
10/26/2025 11:00,4.2,66,4.7,24.1,1007.4,16,10.0778,1,2
10/26/2025 12:00,4.4,66,5.6,24.1,1005.6,21,10.6,1,3.5
10/26/2025 13:00,4.3,63,5.6,28.9,1005.2,24,12.15,2,8.3
10/26/2025 14:00,4,59,3.8,32.8,1005.3,19,12.5278,1.5,8.5
10/26/2025 15:00,3.8,64,2.8,33.6,1005.6,12,11.2278,2.5,8.5
10/26/2025 16:00,3.9,66,2.8,32,1006.1,13,10.7889,0.5,2.5
10/26/2025 18:00,4.2,73,5.6,27.2,1006.2,15,9.7,0.5,2.5
10/26/2025 20:00,4.6,79,9.3,21.6,1005.6,15,8.52222,0.5,2.5
10/26/2025 21:00,4.5,81,10.2,20,1007.2,17,8.41111,0.5,2.5
10/26/2025 22:00,4.5,81,11.2,17.6,1008.8,17,8.41111,0.5,2.5
10/26/2025 23:00,4,89,7.5,20,1010.9,19,7.79444,0.5,2.5
10/27/2025 0:00,4,89,7.5,22.4,1011.9,21,7.79444,0.5,2.5
10/27/2025 2:00,4,95,7.5,22.4,1012.2,22,8.17222,0.5,2.5
10/27/2025 3:00,4.4,97,11.2,8,1012.8,33,8.27222,0.5,2.5
10/27/2025 4:00,4,95,11.2,8.8,1012.9,16,8.6,0.5,2.5
10/27/2025 6:00,4,93,14.9,6.4,1014.3,7,8.28889,0.5,2.5
10/27/2025 7:00,3.9,84,6.5,23.3,1014.8,6,7.75556,0.5,2.5
10/27/2025 8:00,4.9,89,13.9,16.8,1016.5,13,7.15,0.5,2.5
10/27/2025 9:00,4.9,83,6.5,25.6,1017.7,7,7.21667,0.5,2.5
10/27/2025 10:00,4.9,83,9.3,20.8,1018.8,8,7.30556,0.5,2.5
10/27/2025 11:00,3.9,81,8.4,22.4,1020,7,27.2222,0.5,2.5
10/27/2025 12:00,3.5,72,5.6,25.6,1020.5,7,7.52222,0.5,2.5
10/27/2025 13:00,3.5,56,1.9,31.2,1020.7,5,7.75556,1,4.5
10/27/2025 14:00,3.5,46,1.9,33.6,1020.7,5,8.2,1,6
10/27/2025 15:00,3.2,42,1.9,33.6,1021.6,6,8.97222,0.5,6.5
10/27/2025 16:00,3,42,1.9,34.4,1022.3,6,8.97222,1.5,5
10/27/2025 17:00,3.3,36,5.6,32.8,1023.9,9,9.1,0.5,3.5
10/27/2025 19:00,4.6,49,13.9,16.8,1025.5,12,6.12222,0.5,3.5
10/27/2025 20:00,6,53,18.6,10.4,1026.2,15,4.46667,0.5,3.5
10/27/2025 21:00,5,55,16.7,10.4,1026.8,16,3.42778,0.5,3.5
10/27/2025 22:00,4.3,54,12.1,12.8,1028.2,12,2.80556,0.5,3.5
10/27/2025 23:00,4,54,12.1,13.6,1028.7,12,13.8889,0.5,3.5
10/28/2025 0:00,4,57,9.3,15.2,1029.2,12,13.8889,0.5,3.5
10/28/2025 1:00,3.6,56,13,10.4,1029.8,8,13.3333,0.5,3.5
10/28/2025 3:00,3.8,64,16.7,6.4,1029.9,11,18.3333,0.5,3.5
10/28/2025 4:00,3.7,65,15.8,8,1030.6,8,18.3333,0.5,3.5
10/28/2025 5:00,4.5,64,20.4,3.2,1031.3,5,18.8889,0.5,3.5
10/28/2025 6:00,6.5,69,26.9,0.8,1031.7,13,-1.19444,0.5,3.5
10/28/2025 7:00,9.6,70,27.8,0.8,1032.3,21,21.1111,0.5,3.5
10/28/2025 8:00,12.3,68,29.7,1.6,1033.5,40,20,0.5,3.5
10/28/2025 9:00,8.4,56,24.1,7.3,1034,35,13.3333,0.5,1.5
10/28/2025 10:00,3.4,47,13,18.4,1034.5,30,8.33333,0.5,3
10/28/2025 11:00,2.4,40,8.4,24.8,1034.6,21,4.44444,0.5,4.5
10/28/2025 12:00,2.3,40,8.4,26.4,1033.9,21,4.44444,0.5,4
10/28/2025 13:00,2.4,35,8.4,25.6,1033.5,25,1.11111,0.6,3.6
10/28/2025 14:00,1.7,32,8.4,29.6,1033.4,17,9.92222,1.3,5.6
10/28/2025 15:00,1.2,27,4.7,32.8,1033.4,12,10.4778,1,7.5
10/28/2025 16:00,1.2,26,5.6,32.8,1033.5,12,10.55,1.5,3.5
10/28/2025 20:00,4,28,25.1,7.3,1034.1,12,6.11111,0.5,2
10/28/2025 21:00,4.3,48,26.9,4.8,1033.9,19,4.03333,0.5,2
10/28/2025 22:00,3.6,51,26,5.6,1033.8,20,3.51667,0.5,2
10/29/2025 0:00,3.6,51,26,5.6,1033.4,18,3.51667,0.5,2
10/29/2025 1:00,3.4,57,25.1,2.4,1032.4,29,13.8889,0.5,2
10/29/2025 2:00,2.6,61,26,1.6,1032.3,20,16.1111,0.5,2
10/29/2025 3:00,2.6,63,26,0.8,1030.9,18,17.2222,0.5,2
10/29/2025 5:00,4.5,69,27.8,2.4,1030.4,35,-0.0777778,0.5,2
10/29/2025 6:00,6.8,71,28.8,0.8,1030.6,27,-0.261111,0.5,2
10/29/2025 8:00,12.3,68,33.4,1.6,1030.1,52,0.977778,0.5,2
10/29/2025 9:00,8.7,57,29.7,6.4,1030.1,55,13.8889,0.5,2
10/29/2025 10:00,3.8,46,21.3,14.5,1029.4,50,7.77778,0.5,1.3
10/29/2025 11:00,3.8,46,18.6,18.4,1028.6,52,10.4,1.5,5
10/29/2025 12:00,2.5,34,20.4,21.6,1027.8,53,11.9889,1,6.5
10/29/2025 13:00,2.3,39,19.5,23.3,1026.5,55,12.2389,1,6
10/29/2025 15:00,0.9,33,15.8,26.4,1025.1,47,14.2111,2.6,8
10/29/2025 16:00,0.8,37,14.9,25.6,1024.8,47,2.77778,1.3,6.3
10/29/2025 18:00,1.8,45,20.4,18.4,1025,45,7.22222,1,4.5
10/29/2025 20:00,5,52,34.3,1.6,1024.4,55,16.6667,1,4.5
10/29/2025 21:00,4.7,62,30.6,1.6,1024.3,50,18.3333,1,4.5
10/29/2025 22:00,3.9,65,27.8,1.6,1024.9,43,18.3333,1,4.5
10/29/2025 23:00,3.2,68,26.9,0.8,1025,34,20,1,4.5
10/30/2025 0:00,3.2,67,26.9,8,1024.7,44,19.4444,1,4.5
10/30/2025 1:00,1.8,71,23.2,1.6,1024.6,21,21.6667,1,4.5
10/30/2025 2:00,1.6,72,23.2,1.6,1024.6,29,22.2222,1,4.5
10/30/2025 3:00,1.6,72,23.2,1.6,1023.8,16,22.2222,1,4.5
10/30/2025 4:00,1.3,76,24.1,0.8,1023.5,14,0.744444,1,4.5
10/30/2025 5:00,3.2,74,26,0.8,1023.4,17,23.3333,1,4.5
10/30/2025 6:00,5.2,76,27.8,0.8,1023.5,24,24.4444,1,4.5
10/30/2025 7:00,9,78,29.7,0.8,1023.5,38,0.761111,1,4.5
10/30/2025 8:00,12.5,74,31.5,1.6,1023.8,47,1.99444,1,4.5
10/30/2025 9:00,12.5,62,24.1,9.6,1024.4,53,6.26667,1,4.5
10/30/2025 10:00,12.5,55,13,21.6,1024,62,9,1,4.5
10/30/2025 11:00,12.5,47,9.3,28.9,1023.3,61,11.2778,1,3.5
10/30/2025 12:00,12.5,41,9.3,29.6,1021.7,56,12.8722,0.2,2.6
10/30/2025 13:00,4.8,38,10.2,30.4,1020.5,51,13.8722,0.6,4
10/30/2025 14:00,2.6,38,13.9,29.6,1019.7,53,14.6722,1.3,7
10/30/2025 15:00,2.5,41,13.9,28.1,1019.4,50,5,2.3,8.3
10/30/2025 16:00,2.4,46,12.1,28.9,1019.4,45,14.4,2.5,6.5
10/30/2025 18:00,2.8,47,10.2,29.6,1019.7,42,13.6278,1,4.5
10/30/2025 19:00,5,59,25.1,10.4,1019.5,42,9.57778,1,4.5
10/30/2025 20:00,5,59,25.1,10.4,1019.8,42,9.57778,1,4.5
10/30/2025 21:00,5.5,67,26,4,1019.4,33,7.27778,1,4.5
10/30/2025 22:00,5.5,67,26,4,1019.6,30,7.27778,1,4.5
10/30/2025 23:00,4.7,69,25.1,2.4,1019.6,25,6.36667,1,4.5
10/31/2025 0:00,3.6,69,22.3,4,1019.5,20,6.23333,1,4.5
10/31/2025 1:00,3.3,70,19.5,4,1019.3,21,5.95556,1,4.5
10/31/2025 2:00,3.7,74,22.3,1.6,1019.2,18,5.28333,1,4.5
10/31/2025 3:00,3.2,74,22.3,0.8,1018.9,18,23.3333,1,4.5
10/31/2025 4:00,2.8,75,21.3,1.6,1018.6,21,23.8889,1,4.5
10/31/2025 5:00,4.2,73,23.2,1.6,1018.5,23,22.7778,1,4.5
10/31/2025 6:00,4.2,73,23.2,1.6,1018.3,39,22.7778,1,4.5
10/31/2025 7:00,7.7,76,27.8,0.8,1018.5,43,24.4444,1,4.5
10/31/2025 8:00,11.8,78,28.8,1.6,1020,48,25.5556,1,4.5
10/31/2025 9:00,6.4,66,22.3,9.6,1020.6,45,8.33889,1,4.5
10/31/2025 10:00,2.6,56,10.2,23.3,1020.5,63,11.3278,1,1
10/31/2025 11:00,3.4,53,13.9,22.4,1019.8,66,11.6667,1,3
10/31/2025 12:00,3.8,49,17.6,23.3,1019.1,65,9.44444,0.5,4
10/31/2025 13:00,3.3,49,19.5,24.1,1018.7,64,8.33333,1.5,6.5
10/31/2025 14:00,1.7,50,12.1,35.2,1018.4,43,10,2,8
10/31/2025 15:00,1.7,50,9.3,34.4,1018.2,23,8.33333,2,7
10/31/2025 16:00,1.5,44,7.5,34.4,1018.4,15,6.66667,2,7
10/31/2025 18:00,3.2,53,14.9,22.4,1019.2,14,13.2111,1.5,5.5
10/31/2025 19:00,8.2,63,31.5,4,1019.5,28,10.6389,1.5,5.5
10/31/2025 20:00,8.3,66,28.8,4,1019.6,49,9.02222,1.5,5.5
10/31/2025 21:00,4.7,57,17.6,12.8,1020.5,18,13.8889,1.5,5.5
10/31/2025 22:00,3.9,55,14.9,16,1020.8,17,12.7778,1.5,5.5
10/31/2025 23:00,6.5,64,27.8,2.4,1020.9,26,17.7778,1.5,5.5
11/1/2025 0:00,6.4,64,25.1,3.2,1020.8,24,17.7778,1.5,5.5
11/1/2025 1:00,4.3,64,24.1,4.8,1020.7,17,5.66111,1.5,5.5
11/1/2025 2:00,3.8,65,25.1,2.4,1020.2,15,4.48889,1.5,5.5
11/1/2025 3:00,2.9,62,22.3,5.6,1020.2,11,4.36111,1.5,5.5
11/1/2025 4:00,1.9,63,21.3,4.8,1019.8,12,3.67222,1.5,5.5
11/1/2025 5:00,2.9,67,21.3,1.6,1020.2,10,2.92222,1.5,5.5
11/1/2025 6:00,3.7,66,26.9,1.6,1020.7,13,3.39444,1.5,5.5
11/1/2025 7:00,4.6,68,28.8,0.8,1021.1,15,20,1.5,5.5
11/1/2025 8:00,6,66,28.8,2.4,1021.9,15,18.8889,1.5,5.5
11/1/2025 9:00,5.4,66,23.2,8.8,1022.6,26,15.5556,1.5,5.5
11/1/2025 10:00,3.8,55,13.9,18.4,1022.5,35,10.1389,1.5,3
11/1/2025 11:00,3.2,45,10.2,24.1,1022.5,30,13.2722,0.5,5
11/1/2025 12:00,2.8,39,10.2,27.2,1021.5,32,14.8,1.5,3.5
11/1/2025 13:00,2.6,35,9.3,30.4,1020.2,30,16.8389,0.5,4
11/1/2025 14:00,2.3,31,6.5,35.2,1019.4,22,18.2111,1,5
11/1/2025 15:00,2.2,28,5.6,37.6,1018.8,19,19.4,1,5.5
11/1/2025 16:00,2.4,28,7.5,34.4,1018.7,21,20.0278,0.7,3
11/1/2025 18:00,5.4,41,21.3,18.4,1018.9,30,5,0.7,2.2
11/1/2025 20:00,5.7,45,24.1,10.4,1018.9,29,11.8111,0.7,2.2
11/1/2025 21:00,8.5,52,30.6,2.4,1019,52,9.97222,0.7,2.2
11/1/2025 22:00,8.2,56,27.8,2.4,1018.8,58,8.38889,0.7,2.2
11/1/2025 23:00,8.8,61,27.8,0.8,1019,54,7.04444,0.7,2.2
11/2/2025 0:00,6.5,63,26.9,1.6,1018.8,44,6.17778,0.7,2.2
11/2/2025 2:00,4.3,66,24.1,2.4,1017.9,17,4.88333,0.7,2.2
11/2/2025 4:00,4.3,66,24.1,2.4,1017.5,15,4.88333,0.7,2.2
11/2/2025 5:00,3,65,22.3,3.2,1017.8,10,4.26111,0.7,2.2
11/2/2025 6:00,3.6,67,22.3,1.6,1017.9,11,3.73889,0.7,2.2
11/2/2025 7:00,4.2,67,26,1.6,1018.5,12,3.73889,0.7,2.2
11/2/2025 8:00,4.8,69,26.9,2.4,1020,16,20,0.5,2
11/2/2025 9:00,4.5,68,26.9,9.6,1020.5,25,13.8889,0.3,1.6
11/2/2025 10:00,4,57,21.3,16.8,1020,30,8.33333,0.3,1.6
11/2/2025 12:00,2.2,35,7.5,28.9,1019,40,17.3778,1.5,5.5
11/2/2025 14:00,2.2,26,7.5,28.9,1017,29,20.4111,2,5.6
11/2/2025 15:00,2.2,28,8.4,36.8,1016.7,23,20.8889,1.5,6.5
11/2/2025 16:00,2.4,34,12.1,34.4,1017,30,1.11111,1.3,5.3
11/2/2025 18:00,4.6,44,18.6,23.3,1017.4,33,16.5722,0.5,2.5
11/2/2025 20:00,8.3,57,29.7,2.4,1017.8,55,11.0611,0.5,2.5
11/2/2025 21:00,8.3,57,28.8,2.4,1018.4,52,9.62222,0.5,2.5
11/2/2025 22:00,6.3,58,26,3.2,1018.5,43,8.27778,0.5,2.5
11/2/2025 23:00,5.5,61,23.2,3.2,1018.5,39,6.98333,0.5,2.5
11/3/2025 2:00,5.5,66,23.2,3.2,1015.7,30,5.55,0.5,2.5
11/3/2025 3:00,5.5,66,20.4,6.4,1015.1,17,5.55,0.5,2.5
11/3/2025 4:00,3.2,71,20.4,3.2,1014.4,21,4.68333,0.5,2.5
11/3/2025 5:00,3.9,71,22.3,1.6,1014.1,22,4.95556,0.5,2.5
11/3/2025 6:00,3.9,71,24.1,1.6,1013.9,20,4.95556,0.5,2.5
11/3/2025 7:00,3.9,71,24.1,0.8,1013.8,28,4.86111,0.5,2.5
11/3/2025 8:00,6.4,72,26.9,0.8,1014.1,42,4.7,0.5,2.5
11/3/2025 9:00,10.5,72,27.8,1.6,1014.9,52,4.97222,1,4.5
11/3/2025 10:00,7.6,54,34.3,5.6,1015,67,12.2222,1.5,1.6
11/3/2025 11:00,6.9,51,34.3,8,1014.4,67,12.1722,1,5.5
11/3/2025 12:00,5.4,47,30.6,14.5,1013.5,69,14.7278,3,6.5
11/3/2025 13:00,2.9,40,15.8,24.8,1012.6,59,16.4778,2.5,6
11/3/2025 14:00,2.8,37,16.7,26.4,1011.8,60,18.65,1,4
11/3/2025 15:00,3.2,35,19.5,25.6,1011.3,59,19.4611,0.5,5.5
11/3/2025 16:00,3.2,35,19.5,25.6,1011.4,54,19.4611,2,7.5
11/3/2025 18:00,7.3,44,30.6,11.2,1012.2,50,16.3722,1.2,5.5
11/3/2025 20:00,7.9,54,34.3,1.6,1012.5,58,11.5111,1.2,5.5
11/3/2025 21:00,6.5,51,32.5,1.6,1012.8,50,10.5556,1.2,5.5
11/3/2025 22:00,3.3,39,20.4,11.2,1012.8,20,3.88889,1.2,5.5
11/4/2025 0:00,2.8,38,18.6,8.8,1013.5,47,3.33333,1.2,5.5
11/4/2025 1:00,1.7,35,13.9,16,1012.9,32,1.66667,1.2,5.5
11/4/2025 2:00,2.8,35,13,16,1012.6,34,1.66667,1.2,5.5
11/4/2025 4:00,1,36,9.3,22.4,1012.8,10,2.22222,1.2,5.5
11/4/2025 5:00,2.5,36,13,18.4,1013,10,11.6,1.2,5.5
11/4/2025 7:00,3.3,37,14.9,20,1013.4,10,2.77778,1.2,5.5
11/4/2025 8:00,7.2,40,25.1,10.4,1014.2,15,4.44444,1.2,4
11/4/2025 9:00,5.7,36,21.3,15.2,1015.5,25,2.22222,0.6,3.5
11/4/2025 11:00,1.9,27,4.7,32.8,1015.5,18,-2.77778,5.5,12.5
11/4/2025 12:00,1.7,25,2.8,36.1,1014,14,-3.88889,3,11.5
11/4/2025 13:00,1.9,24,2.8,37.6,1014,14,-4.44444,2.6,11
11/4/2025 14:00,1.8,23,1.9,39.2,1013.5,14,-5,2,9.6
11/4/2025 15:00,1.9,22,1.9,39.2,1013.3,15,21.9222,4,12
11/4/2025 18:00,4.7,28,12.1,28.9,1013.9,18,-2.22222,2,1
11/4/2025 19:00,9.3,35,35.2,4.8,1014.5,45,1.66667,2,1
11/4/2025 20:00,10,35,35.2,4.8,1014.7,49,1.66667,2,1
11/4/2025 21:00,10,41,28.8,2.4,1015.3,55,5,2,1
11/4/2025 22:00,7.8,40,28.8,6.4,1015.4,38,4.44444,2,1
11/4/2025 23:00,4.7,38,16.7,16.8,1015.3,24,12.4111,2,1
11/5/2025 1:00,3.9,37,11.2,20,1015.2,20,12.1278,2,1
11/5/2025 2:00,3.8,38,11.2,19.2,1014.6,20,3.33333,2,1
11/5/2025 3:00,3.5,40,9.3,19.2,1014.1,22,4.44444,2,1
11/5/2025 4:00,3.4,40,11.2,16.8,1013.7,16,4.44444,2,1
11/5/2025 6:00,4.9,41,18.6,16,1013.1,21,6.66667,2,1
11/5/2025 7:00,6.6,41,23.2,10.4,1013.2,23,10.3611,2,1
11/5/2025 9:00,7.4,34,20.4,16,1014.3,37,1.11111,2,3.5
11/5/2025 11:00,3.4,28,7.5,28.1,1012.5,36,-2.22222,1,4.5
11/5/2025 12:00,2.8,23,3.8,33.6,1011.4,28,-5,2,9.5
11/5/2025 13:00,2.6,21,3.8,34.4,1009.8,18,-6.11111,5.3,22
11/5/2025 14:00,2.6,17,3.8,36.8,1009.7,17,-8.33333,3.5,18.5
11/5/2025 16:00,2.7,18,5.6,33.6,1009.4,15,-7.77778,1,11
11/5/2025 17:00,3.4,18,4.7,34.4,1009.5,15,21.05,5,14
11/5/2025 19:00,3.4,20,5.6,29.6,1009.7,18,-6.66667,5,14
11/5/2025 21:00,3.5,22,3.8,30.4,1010.1,33,-5.55556,5,14
11/5/2025 22:00,3.4,21,2.8,31.2,1010.4,26,-6.11111,5,14
11/5/2025 23:00,3.3,26,2.8,30.4,1011.7,22,-3.33333,5,14
11/6/2025 0:00,3.4,26,4.7,28.1,1011.6,34,4.44444,5,14
11/6/2025 1:00,3.8,43,7.5,23.3,1011.8,42,6.11111,5,14
11/6/2025 2:00,3.9,45,8.4,20,1012,40,13.0111,5,14
11/6/2025 3:00,3.9,48,10.2,16.8,1011.9,42,12.2278,5,14
11/6/2025 4:00,4.7,48,10.2,16,1012.2,46,10,5,14
11/6/2025 6:00,4.6,72,3.8,29.6,1013.4,22,22.2222,5,14
11/6/2025 7:00,7,74,20.4,8.8,1014.9,20,26.6667,5,14
11/6/2025 8:00,6.2,80,21.3,8.8,1015.9,25,26.6667,5,14
11/6/2025 10:00,6.2,79,21.3,15.2,1016.2,36,26.1111,5,3
11/6/2025 12:00,3.9,49,2.8,32,1016.2,22,9.44444,3.6,12
11/6/2025 13:00,3.9,49,2.8,33.6,1015.7,22,8.88889,3.5,10.5
11/6/2025 14:00,3.9,46,1.9,34.4,1015.7,16,7.77778,4.5,12.5
11/6/2025 16:00,4,43,2.8,32.8,1016,12,6.11111,2,5.5
11/6/2025 18:00,5.6,43,12.1,20.8,1016.9,16,6.11111,1.7,6
11/6/2025 20:00,5.2,47,12.1,20,1017.1,15,8.96111,1.7,6
11/6/2025 21:00,4.2,45,4.7,27.2,1017.3,7,8.95,1.7,6
11/6/2025 22:00,5.6,46,13,19.2,1017.5,19,7.77778,1.7,6
11/6/2025 23:00,5,47,12.1,19.2,1017.4,12,8.33333,1.7,6
11/7/2025 0:00,5.6,48,15.8,16,1017.5,14,8.88889,1.7,6
11/7/2025 1:00,4.9,48,12.1,17.6,1017.8,14,10.5556,1.7,6
11/7/2025 2:00,5.3,57,16.7,9.6,1017.2,14,13.8889,1.7,6
11/7/2025 4:00,4.7,57,15.8,11.2,1015.9,13,13.8889,1.7,6
11/7/2025 5:00,5.2,61,18.6,7.3,1015.8,14,4.42222,1.7,6
11/7/2025 6:00,5.2,61,18.6,6.4,1016,14,16.6667,1.7,6
11/7/2025 7:00,7.2,62,27.8,2.4,1015.3,20,16.6667,1.7,6
11/7/2025 8:00,8.5,58,30.6,1.6,1015.7,22,14.4444,1.7,6
11/7/2025 9:00,6.9,59,26,6.4,1016.4,28,15,1.7,6
11/7/2025 11:00,5,52,14.9,17.6,1017,17,11.1111,0.2,2
11/7/2025 12:00,4.9,52,13,20,1016.4,17,9.44444,0.2,3
11/7/2025 13:00,4.4,45,13,20.8,1015.7,17,12.2,0.2,1
11/7/2025 14:00,3.9,41,10.2,24.8,1015.5,33,13.4111,0.2,4
11/7/2025 15:00,3.3,39,6.5,30.4,1015.5,23,14.3611,3,8
11/7/2025 16:00,2.8,37,3.8,32.8,1015.4,17,2.77778,2,6.5
11/7/2025 18:00,6.6,42,25.1,11.2,1015.8,27,5.55556,1,2
11/7/2025 20:00,7.2,51,26.9,7.3,1016.5,52,10.5556,1,2
11/7/2025 21:00,7.3,52,26,7.3,1016.9,44,11.1111,1,2
11/7/2025 22:00,7.3,53,25.1,7.3,1017.6,34,8.72222,1,2
11/7/2025 23:00,7.3,56,30.6,4,1018.6,52,8.52222,1,2
11/8/2025 0:00,8.9,63,31.5,0.8,1019.2,82,6.81667,1,2
11/8/2025 1:00,7.9,69,29.7,0.8,1019.4,47,5.85556,1,2
11/8/2025 2:00,5.7,72,27.8,0.8,1019.6,38,22.2222,1,2
11/8/2025 3:00,4.8,73,26.9,0.8,1019.6,32,22.7778,1,2
11/8/2025 5:00,5.3,78,26.9,0.8,1020.3,30,25.5556,1,2
11/8/2025 6:00,4.6,79,25.1,0.8,1020.9,30,26.1111,1,2
11/8/2025 7:00,4.6,81,26,0.8,1021.2,29,27.2222,1,2
11/8/2025 8:00,4.8,79,26.9,1.6,1022.4,26,2.85,1,2
11/8/2025 9:00,3.7,70,22.3,10.4,1023.7,29,5.36111,1,1.5
11/8/2025 10:00,2.6,60,14.9,18.4,1024.4,29,15.5556,1,4
11/8/2025 11:00,2.7,60,14.9,21.6,1024.6,31,12.7778,0.5,4.5
11/8/2025 12:00,2,55,13.9,29.6,1023.9,22,6.66667,1.5,6
11/8/2025 13:00,1.3,39,3.8,34.4,1023.6,12,3.88889,2.5,7
11/8/2025 14:00,1.3,39,2.8,35.2,1023.7,12,3.88889,4,9.6
11/8/2025 15:00,0.9,39,1.9,36.8,1024.1,10,3.88889,2.6,9
11/8/2025 18:00,2.4,40,5.6,31.2,1025.4,18,4.44444,2,6
11/8/2025 19:00,3.7,47,14.9,19.2,1026.5,18,8.33333,2,6
11/8/2025 20:00,4.5,50,21.3,12.8,1027.5,24,10,2,6
11/8/2025 21:00,5.5,52,22.3,10.4,1028.7,23,11.1111,2,6
11/8/2025 23:00,3.8,47,13.9,18.4,1029.7,16,8.33333,2,6
11/9/2025 0:00,4.4,47,18.6,14.5,1029.4,18,4.13889,2,6
11/9/2025 2:00,5.8,53,26.9,4,1029.9,67,2.02222,2,6
11/9/2025 3:00,4.9,55,25.1,5.6,1029.7,52,12.7778,2,6
11/9/2025 5:00,4.6,55,25.1,5.6,1029.9,10,12.7778,2,6
11/9/2025 7:00,4.9,59,33.4,0.8,1031.2,10,15,2,6
11/9/2025 8:00,5.8,58,33.4,2.4,1032.2,13,14.4444,2,6
11/9/2025 9:00,5.3,56,23.2,11.2,1033.1,18,13.3333,2,6
11/9/2025 10:00,3.6,47,12.1,22.4,1033.1,17,8.33333,2,1
11/9/2025 11:00,3.4,42,10.2,25.6,1032.9,19,5.55556,0.2,2.5
11/9/2025 12:00,2.9,38,7.5,31.2,1032.1,22,3.33333,1,6.3
11/9/2025 13:00,3,36,10.2,32,1031.4,28,2.22222,2,7
11/9/2025 14:00,2.8,36,11.2,32.8,1031.1,28,2.22222,1.3,7
11/9/2025 15:00,2.6,36,8.4,34.4,1030.8,26,2.22222,1.6,6.6
11/9/2025 18:00,3.5,34,17.6,24.8,1031.4,15,1.11111,1,5
11/9/2025 20:00,7.3,47,33.4,3.2,1031.6,44,8.33333,1,5
11/9/2025 21:00,7.6,53,34.3,1.6,1031.6,58,11.6667,1,5
11/9/2025 22:00,5.7,53,32.5,1.6,1031.5,44,12.7778,1,5
11/9/2025 23:00,5.7,55,28.8,4,1031.5,39,12.7778,1,5
11/10/2025 0:00,5.7,55,28.8,10.4,1030.6,30,12.7778,1,5
11/10/2025 3:00,3.8,65,27.8,0.8,1030.5,20,18.3333,1,5
11/10/2025 4:00,2.8,65,26.9,0.8,1030,20,18.3333,1,5
11/10/2025 5:00,3.7,68,27.8,1.6,1030,20,20,1,5
11/10/2025 6:00,3.7,68,29.7,1.6,1029.6,28,20,1,5
11/10/2025 7:00,6.4,69,30.6,1.6,1029.3,38,1.23889,1,5
11/10/2025 8:00,9.9,68,34.3,0.8,1029.6,44,1.84444,1,5
11/10/2025 9:00,7.7,59,30.6,5.6,1030.3,50,5.43333,1,2.5
11/10/2025 10:00,3.5,53,20.4,15.2,1030.6,52,8.13889,2,4
11/10/2025 11:00,2.5,43,13,23.3,1029.4,49,6.11111,0.5,4
11/10/2025 13:00,2.5,43,13,28.1,1026.6,48,1.11111,2,5.5
11/10/2025 14:00,2.7,33,20.4,24.8,1025.7,56,14.6722,2.5,5.5
11/10/2025 16:00,2.3,34,19.5,24.8,1024.3,45,15.1722,0.5,4
11/10/2025 18:00,5.3,48,34.3,8,1023.7,52,11.35,1,1
11/10/2025 19:00,9.4,57,41.7,0.8,1023.9,59,13.8889,1,1
11/10/2025 20:00,11,62,38,0.8,1024,57,7.50556,1,1
11/10/2025 21:00,9,64,36.2,0.8,1024.4,60,6.46111,1,1
11/10/2025 22:00,6.8,62,32.5,0.8,1023.8,51,5.71111,1,1
11/10/2025 23:00,5.6,61,31.5,0.8,1023.3,42,5.6,1,1
11/11/2025 0:00,5.2,65,29.7,0.8,1023.1,42,4.46111,1,1
11/11/2025 1:00,5.2,65,28.8,1.6,1022.6,40,21.1111,1,1
11/11/2025 2:00,2.3,70,27.8,0.8,1022.5,30,21.1111,1,1
11/11/2025 3:00,2.2,72,26,0.8,1022.1,22,2.88889,1,1
11/11/2025 4:00,1.8,72,26,0.8,1022.4,18,2.91111,1,1
11/11/2025 5:00,2.9,72,25.1,0.8,1022.3,18,2.90556,1,1
11/11/2025 6:00,4.3,74,27.8,0.8,1022.1,29,2.5,1,1
11/11/2025 7:00,4.3,74,28.8,0.8,1022.1,30,2.5,1,1
11/11/2025 9:00,7.4,67,31.5,4,1023.5,56,6.08333,1,1
11/11/2025 10:00,3.4,52,23.2,13.6,1023.2,67,10.7389,1,1.5
11/11/2025 11:00,3.3,47,22.3,16,1022.8,68,12.7,1,1.5
11/11/2025 12:00,1.7,40,16.7,21.6,1021.5,61,14.65,0.5,4
11/11/2025 13:00,1.7,36,16.7,24.1,1020.4,58,16.1778,2.5,6
11/11/2025 14:00,2.4,36,21.3,22.4,1019.5,63,17.3111,2.7,4.5
11/11/2025 15:00,1.6,34,20.4,24.1,1019,55,17.7611,2.5,6
11/11/2025 16:00,1.6,36,20.4,17.6,1018.8,50,17.6,2.5,6
11/11/2025 17:00,2.2,37,33.4,24.8,1018.7,43,16.6222,1.7,5.7
11/11/2025 20:00,10.9,58,38.9,0.8,1019.1,50,9.72778,1.7,5.7
11/11/2025 21:00,4.5,50,25.1,10.4,1018.5,30,10.4722,1.7,5.7
11/11/2025 22:00,7.4,58,34.3,0.8,1018.8,51,14.4444,1.7,5.7
11/11/2025 23:00,5.6,59,31.5,0.8,1018.4,44,15,1.7,5.7
11/12/2025 0:00,5.6,59,29.7,0.8,1017.9,33,15,1.7,5.7
11/12/2025 1:00,3.4,63,28.8,0.8,1017.2,25,17.2222,1.7,5.7
11/12/2025 2:00,2.6,63,26.9,0.8,1017.1,25,17.2222,1.7,5.7
11/12/2025 3:00,2.2,68,26,0.8,1017,23,5.24444,1.7,5.7
11/12/2025 4:00,1.8,67,25.1,0.8,1016.6,19,5.62222,1.7,5.7
11/12/2025 5:00,1.8,67,25.1,0.8,1016.6,18,20.5556,1.7,5.7
11/12/2025 6:00,4.2,62,25.1,2.4,1015.9,24,16.6667,1.7,5.7
11/12/2025 7:00,4.9,60,26.9,3.2,1015.7,29,15.5556,1.7,5.7
11/12/2025 8:00,6.6,63,29.7,1.6,1016.6,29,17.2222,1.7,5.7
11/12/2025 9:00,8.9,61,30.6,2.4,1016.9,35,16.1111,1.7,0.3
11/12/2025 10:00,8.9,61,26,2.4,1017.4,44,16.1111,1,3
11/12/2025 11:00,2.6,44,18.6,15.2,1016.9,41,6.66667,1,5
11/12/2025 12:00,2.7,41,21.3,15.2,1016.1,51,15.1389,1,4.5
11/12/2025 13:00,2.7,38,21.3,15.2,1015.7,40,15.2778,0.7,3.5
11/12/2025 14:00,2.5,38,26.9,12.1,1015.1,56,15.4222,0.2,1
11/12/2025 15:00,2.7,42,28.8,9.6,1014.4,59,5.55556,1,2
11/12/2025 16:00,3.5,45,32.5,7.3,1014.7,61,7.22222,0.5,0.5
11/12/2025 18:00,4.6,58,32.5,5.6,1015.2,52,14.4444,0.5,1
11/12/2025 20:00,10.3,63,34.3,0.8,1015.4,60,19.4444,0.5,1
11/12/2025 21:00,8.7,69,34.3,0.8,1015.7,65,10.1111,0.5,1
11/12/2025 22:00,9.3,70,33.4,0.8,1015.8,66,9.98889,0.5,1
11/12/2025 23:00,9.3,70,31.5,0.8,1016.1,65,8.98889,0.5,1
11/13/2025 0:00,9.2,77,29.7,0.8,1016,60,7.48889,0.5,1
11/13/2025 1:00,5.9,74,27.8,0.8,1015.6,48,23.3333,0.5,1
11/13/2025 2:00,1.7,70,25.1,0.8,1015.5,27,21.1111,0.5,1
11/13/2025 3:00,1.8,70,25.1,0.8,1015.2,21,22.2222,0.5,1
11/13/2025 4:00,1.7,77,25.1,0.8,1015.1,27,4.86667,0.5,1
11/13/2025 5:00,1.7,77,25.1,0.8,1014.8,22,4.86667,0.5,1
11/13/2025 7:00,3.5,75,26,0.8,1015.2,26,4.08889,0.5,1
11/13/2025 8:00,6.2,70,28.8,0.8,1015.4,23,4.95,0.5,1
11/13/2025 9:00,8,56,32.5,4,1016.2,36,9.98889,0.5,4.5
11/13/2025 11:00,2.6,36,12.1,27.2,1015,30,2.22222,4,14.6
11/13/2025 12:00,2.6,30,5.6,36.1,1014,24,20.2889,5.5,17
11/13/2025 13:00,2.6,28,2.8,40,1013,22,21.2,5,17
11/13/2025 14:00,2.6,27,3.8,40,1012.1,20,21.3389,4.5,15.5
11/13/2025 15:00,2.6,26,2.8,39.2,1011.3,20,22.0389,7,18.5
11/13/2025 16:00,2.6,26,2.8,38.4,1010.7,19,22.1722,4.5,16.5
11/13/2025 18:00,1.3,26,7.5,33.6,1010.1,21,20.7889,1,9
11/13/2025 19:00,4,29,22.3,16.8,1009.7,34,18.3778,1,9
11/13/2025 20:00,6.2,29,22.3,16.8,1009.7,42,18.3778,1,9
11/13/2025 21:00,6.5,36,32.5,4,1010.2,53,14.6611,1,9
11/13/2025 22:00,5.7,35,27.8,8,1010.4,41,14.7,1,9
11/13/2025 23:00,5.2,35,23.2,13.6,1009.8,38,1.66667,1,9
11/14/2025 0:00,5.2,35,5.6,13.6,1009.5,23,1.66667,1,9
11/14/2025 1:00,3,34,13.9,18.4,1009.7,26,15.05,1,9
11/14/2025 2:00,3,34,13.9,18.4,1009.5,24,15.05,1,9
11/14/2025 3:00,2.3,32,4.7,34.4,1008.7,21,15.8611,1,9
11/14/2025 5:00,4,37,12.1,20,1008,20,13.5611,1,9
11/14/2025 6:00,4,31,5.6,33.6,1007.9,21,16.2722,1,9
11/14/2025 7:00,4.3,32,8.4,29.6,1008.1,25,16.2389,1,9
11/14/2025 9:00,4.4,30,12.1,28.1,1009.2,29,17.5611,4.5,14
11/14/2025 10:00,3.9,28,5.6,35.2,1009.2,27,19.0722,5.6,15
11/14/2025 11:00,3.9,28,4.7,35.2,1009.1,28,19.6389,5.3,15.3
11/14/2025 12:00,3.8,30,3.8,35.2,1008.2,27,19.6778,4,16.5
11/14/2025 13:00,4,31,2.8,33.6,1007.8,25,19.95,6.5,16
11/14/2025 14:00,3.8,31,3.8,33.6,1007.5,23,-0.555556,4.5,14.5
11/14/2025 18:00,4.8,34,5.6,29.6,1008.6,21,1.11111,4.2,14.7
11/14/2025 19:00,4.5,36,4.7,30.4,1009.1,22,2.22222,4.2,14.7
11/14/2025 20:00,5,36,8.4,25.6,1009.2,29,2.22222,4.2,14.7
11/14/2025 21:00,6,38,15.8,17.6,1010.2,40,3.33333,4.2,14.7
11/14/2025 23:00,8.6,38,15.8,4,1010.7,51,7.77778,4.2,14.7
11/15/2025 0:00,8.2,48,25.1,4.8,1011.1,50,8.88889,4.2,14.7
11/15/2025 1:00,6.6,50,21.3,6.4,1011.5,49,12.85,4.2,14.7
11/15/2025 2:00,7,53,20.4,6.4,1011.9,36,11.6667,4.2,14.7
11/15/2025 3:00,6.4,56,20.4,4,1012.2,34,13.3333,4.2,14.7
11/15/2025 4:00,5,56,20.4,6.4,1011.9,28,14.4444,4.2,14.7
11/15/2025 5:00,4.8,65,16.7,4.8,1012.2,27,18.3333,4.2,14.7
11/15/2025 6:00,4.6,65,13.9,8.8,1012.3,22,16.1111,4.2,14.7
11/15/2025 7:00,4.2,61,11.2,11.2,1012.4,21,16.1111,4.2,14.7
11/15/2025 8:00,8.3,64,19.5,5.6,1012.4,35,9.71111,4.2,14.7
11/15/2025 9:00,4.3,60,15.8,10.4,1012.9,38,11.8278,4.2,1
11/15/2025 10:00,0.8,55,10.2,17.6,1012.9,33,14.5778,4.2,3
11/15/2025 11:00,1.2,51,11.2,19.2,1012.4,40,16.2778,1,5
11/15/2025 12:00,1.2,47,5.6,26.4,1011.2,27,8.33333,2.3,6.6
11/15/2025 13:00,0.2,46,5.6,28.1,1010.3,28,7.77778,1.3,4.6
11/15/2025 15:00,0.2,45,7.5,28.1,1008.6,24,7.22222,1,4.3
11/15/2025 17:00,0.6,55,12.1,20,1008.4,27,15.55,0.7,5
11/15/2025 19:00,3.4,62,21.3,10.4,1007.8,33,13.65,0.7,5
11/15/2025 21:00,5,67,28.8,1.6,1008,54,12.2722,0.7,5
11/15/2025 22:00,4.3,68,27.8,1.6,1007.1,55,11.95,0.7,5
11/15/2025 23:00,4.8,71,26.9,0.8,1007,58,10.9389,0.7,5
11/16/2025 0:00,4.5,71,25.1,1.6,1006.7,59,10.6389,0.7,5
11/16/2025 2:00,1.3,70,20.4,4,1005.9,44,10.85,0.7,5
11/16/2025 3:00,1.3,75,18.6,4,1005.6,42,10.3722,0.7,5
11/16/2025 4:00,1,76,17.6,2.4,1004.9,51,9.87778,0.7,5
11/16/2025 5:00,3.3,70,17.6,3.2,1004.5,45,10.4889,0.7,5
11/16/2025 6:00,3.4,70,17.6,2.4,1004.3,27,10.1222,0.7,5
11/16/2025 7:00,3.5,65,19.5,2.4,1004.1,25,11.0611,0.7,5
11/16/2025 8:00,4.2,60,20.4,4,1004.4,35,11.9222,0.7,5
11/16/2025 9:00,4.2,60,18.6,4,1004.7,50,11.9222,0.3,1
11/16/2025 10:00,3.8,48,12.1,16.8,1005.2,38,14.2222,2.5,11
11/16/2025 11:00,1.7,56,3.8,24.1,1004.2,11,14.5722,0.5,5
11/16/2025 13:00,1.8,56,3.8,26.4,1002,7,13.3333,2.5,8
11/16/2025 15:00,1.9,85,3.8,28.1,1003.8,6,9.47222,2.5,8
11/16/2025 16:00,1.7,81,2.8,34.4,1003.9,4,8.22778,2.5,8
11/16/2025 18:00,3.6,83,7.5,24.8,1003.8,10,28.3333,2.5,8
11/16/2025 20:00,4.7,79,7.5,25.6,1004.4,4,26.1111,2.5,8
11/16/2025 22:00,3.4,69,2.8,31.2,1004.9,2,20.5556,2.5,8
11/16/2025 23:00,3.4,68,1.9,32,1005.2,2,8.92222,2.5,8
11/17/2025 2:00,3.4,68,1.9,32.8,1005.5,2,8.92222,2.5,8
11/17/2025 3:00,3.6,72,1.9,32,1005.5,1,22.2222,2.5,8
11/17/2025 4:00,3.6,72,1.9,31.2,1005.8,1,21.6667,2.5,8
11/17/2025 5:00,4,71,2.8,29.6,1006.4,1,21.6667,2.5,8
11/17/2025 6:00,4,71,2.8,30.4,1007,1,21.6667,2.5,8
11/17/2025 7:00,4.3,70,3.8,28.9,1007.6,1,7.96667,2.5,8
11/17/2025 8:00,4.9,69,7.5,24.8,1008.2,2,8.13889,2.5,8
11/17/2025 9:00,4.9,67,7.5,29.6,1008.6,5,19.4444,0.5,3
11/17/2025 10:00,4.9,67,7.5,26.4,1009.1,5,18.3333,1,5
11/17/2025 11:00,1.5,60,3.8,29.6,1009.2,2,15.5556,1.5,8.5
11/17/2025 12:00,1.3,56,2.8,31.2,1008.9,2,13.3333,5,12
11/17/2025 13:00,1.4,56,2.8,32,1008.6,3,11.6667,4,11.5
11/17/2025 14:00,1.3,51,1.9,32.8,1008.6,2,10.5556,2.3,11
11/17/2025 15:00,1.4,51,1.9,32.8,1008.7,5,8.88889,2.6,11
11/17/2025 16:00,1.4,47,1.9,29.6,1009.1,2,12.7278,1.6,11
11/17/2025 18:00,2.3,47,6.5,28.1,1010.2,4,8.33333,1.5,10.5
11/17/2025 20:00,2.7,54,10.2,21.6,1010.9,5,12.2222,1.5,10.5
11/17/2025 21:00,2.3,55,8.4,20.8,1011.1,5,12.7778,1.5,10.5
11/17/2025 22:00,1.7,54,5.6,23.3,1011.4,3,12.2222,1.5,10.5
11/17/2025 23:00,2.5,54,9.3,18.4,1011.4,4,12.2222,1.5,10.5
11/18/2025 1:00,2.5,62,13,12.8,1012.1,4,9.32222,1.5,10.5
11/18/2025 2:00,1.5,62,7.5,16,1012,4,9.13889,1.5,10.5
11/18/2025 3:00,1.3,60,5.6,20,1011.5,3,9.45,1.5,10.5
11/18/2025 4:00,1.5,60,8.4,16.8,1011.4,3,16.1111,1.5,10.5
11/18/2025 5:00,2.3,66,14.9,8.8,1011.3,5,18.8889,1.5,10.5
11/18/2025 6:00,2.8,67,14.9,9.6,1011.3,5,19.4444,1.5,10.5
11/18/2025 7:00,1.9,62,9.3,16.8,1011.4,4,16.6667,1.5,10.5
11/18/2025 8:00,3.5,62,18.6,8.8,1011.8,6,18.3333,1.5,10.5
11/18/2025 9:00,4.6,67,21.3,6.4,1012.6,8,19.4444,1.5,0.6
11/18/2025 10:00,3.3,62,16.7,12.8,1012.5,8,10.1,0.5,3.5
11/18/2025 11:00,0.9,53,6.5,23.3,1012.1,8,12.8611,2,6.5
11/18/2025 14:00,1.4,52,13,20,1010.6,21,11.1111,2,7
11/18/2025 15:00,1.2,50,10.2,22.4,1010.1,14,10,1.5,1.5
11/18/2025 16:00,1.2,49,11.2,23.3,1009.8,25,9.44444,1.5,4.5
11/18/2025 18:00,1.6,56,17.6,15.2,1010.6,23,13.3333,3,7
11/18/2025 20:00,5.9,70,29.7,0.8,1011.6,45,21.1111,3,7
11/18/2025 21:00,4.8,69,28.8,0.8,1011.9,40,20.5556,3,7
11/18/2025 22:00,4.2,69,28.8,1.6,1012.2,40,20.5556,3,7
11/18/2025 23:00,3.5,68,26,0.8,1012.2,32,20,3,7
11/19/2025 0:00,2.8,69,26,0.8,1012.1,33,20.5556,3,7
11/19/2025 1:00,1.7,69,22.3,1.6,1011.8,23,20.5556,3,7
11/19/2025 2:00,0.5,65,16.7,7.3,1012.3,15,8.95,3,7
11/19/2025 3:00,0.6,67,17.6,5.6,1012.2,17,8.27222,3,7
11/19/2025 4:00,0.6,70,17.6,4,1011.9,15,7.27778,3,7
11/19/2025 5:00,0.9,69,13.9,2.4,1012.2,12,7.57222,3,7
11/19/2025 6:00,0.6,69,15.8,6.4,1011.9,13,20.5556,3,7
11/19/2025 7:00,3.4,71,22.3,0.8,1012.4,16,21.6667,3,7
11/19/2025 8:00,6.3,71,23.2,0.8,1013.1,19,22.7778,3,7
11/19/2025 9:00,6.3,69,24.1,1.6,1014.2,28,20.5556,3,7
11/19/2025 10:00,3.4,66,18.6,7.3,1015,20,18.8889,3,7
11/19/2025 11:00,3.4,70,9.3,17.6,1015,13,9.71111,3,1.5
11/19/2025 12:00,3.4,72,8.4,17.6,1014.3,17,9.87778,0.5,2
11/19/2025 13:00,3.4,67,5.6,22.4,1013.4,10,10.8111,0.7,3
11/19/2025 14:00,3.4,62,4.7,24.1,1012.4,8,11.5389,0.7,1
11/19/2025 15:00,3.4,58,6.5,24.8,1012,10,12.3889,0.3,5.3
11/19/2025 16:00,3.4,53,5.6,27.2,1011.9,7,11.6667,0.5,2.5
11/19/2025 18:00,1.8,56,16.7,16,1012.4,9,13.3333,0.5,1.7
11/19/2025 19:00,1.2,59,14.9,15.2,1012.3,11,15,0.5,1.7
11/19/2025 20:00,0.2,60,8.4,20,1012.3,12,9.71111,0.5,1.7
11/19/2025 21:00,0.5,59,7.5,20,1012.5,7,9.86111,0.5,1.7
11/19/2025 22:00,1.3,60,12.1,16,1012.2,8,9.52222,0.5,1.7
11/19/2025 23:00,3.3,63,21.3,5.6,1012.4,16,8.65,0.5,1.7
11/20/2025 0:00,3.2,66,20.4,4,1011.8,16,7.84444,0.5,1.7
11/20/2025 1:00,2.7,70,20.4,3.2,1011.7,15,6.91111,0.5,1.7
11/20/2025 2:00,2.5,70,21.3,1.6,1011.6,19,22.2222,0.5,1.7
11/20/2025 3:00,2.4,72,22.3,1.6,1011.1,17,7.03333,0.5,1.7
11/20/2025 4:00,2,71,22.3,2.4,1010.3,17,7.37222,0.5,1.7
11/20/2025 5:00,2,72,21.3,1.6,1010.1,13,7.50556,0.5,1.7
11/20/2025 6:00,3.5,75,24.1,0.8,1010.1,30,7.33333,0.5,1.7
11/20/2025 7:00,5.7,77,26,0.8,1010.1,43,7.13333,0.5,1.7
11/20/2025 8:00,7.3,78,26,0.8,1010.7,44,7.10556,0.5,1.7
11/20/2025 9:00,7.3,80,26.9,1.6,1011.3,59,7.51111,0.5,1.7
11/20/2025 10:00,6.8,79,27.8,2.4,1011.4,65,8.17222,0.5,1.7
11/20/2025 11:00,4.2,74,23.2,6.4,1011.3,52,9,0.3,1.6
11/20/2025 12:00,3.3,78,22.3,7.3,1010.8,65,9.06111,0.2,1.5
11/20/2025 13:00,0.6,80,13.9,9.6,1010.2,59,9.01111,0.2,2.5
11/20/2025 14:00,0.6,76,11.2,15.2,1009.9,54,24.4444,0.2,4
11/20/2025 15:00,0.6,65,8.4,20.8,1009.9,23,18.3333,4,8
11/20/2025 16:00,0.6,62,9.3,20,1010.4,20,16.6667,1,5.5
11/20/2025 18:00,1,72,20.4,8.8,1011.5,16,22.2222,0.5,4
11/20/2025 20:00,4.3,81,27.8,0.8,1012.4,33,7.10556,0.5,4
11/20/2025 21:00,3.4,85,26.9,0.8,1012.9,30,6.04444,0.5,4
11/20/2025 22:00,3.3,88,26,0.8,1013.5,25,31.1111,0.5,4
11/20/2025 23:00,3.5,91,23.2,0.8,1014.3,31,32.7778,0.5,4
11/21/2025 0:00,3.9,92,20.4,0.8,1015.3,32,33.3333,0.5,4
11/21/2025 1:00,2.8,91,20.4,0.8,1015.9,34,32.7778,0.5,4
11/21/2025 2:00,0.4,91,20.4,0.8,1016.2,28,33.3333,0.5,4
11/21/2025 3:00,0.4,90,16.7,0.8,1016.2,21,32.2222,0.5,4
11/21/2025 4:00,0.4,91,16.7,0.8,1016.2,17,32.7778,0.5,4
11/21/2025 5:00,0.7,91,16.7,0.8,1016.6,21,32.7778,0.5,4
11/21/2025 6:00,2.3,93,18.6,0.8,1016.8,37,2.34444,0.5,4
11/21/2025 7:00,3.9,94,19.5,0.8,1017.3,52,34.4444,0.5,4
11/21/2025 8:00,4.6,94,21.3,0.8,1018.4,59,34.4444,0.5,4
11/21/2025 9:00,6.3,96,21.3,2.4,1019.2,65,35.5556,0.5,1
11/21/2025 10:00,6.3,83,14.9,12.1,1019.3,64,28.3333,0.5,4
11/21/2025 11:00,6.3,78,9.3,18.4,1019.6,58,25.5556,1.5,4
11/21/2025 12:00,6.3,76,13,16.8,1019.2,54,24.4444,0.5,2.5
11/21/2025 13:00,6.3,74,11.2,22.4,1018.8,39,23.3333,1.6,6.6
11/21/2025 15:00,6.3,69,6.5,25.6,1019,28,10.35,2,8
11/21/2025 16:00,6.3,71,7.5,23.3,1019.3,25,9.95,2.5,7
11/21/2025 18:00,6.3,73,14.9,16,1020.5,34,25,1.5,3
11/21/2025 19:00,0.6,81,18.6,10.4,1020.9,38,27.2222,1.5,3
11/21/2025 20:00,3.7,84,26.9,0.8,1021.9,49,28.8889,1.5,3
11/21/2025 21:00,2.2,84,26.9,3.2,1022.4,29,26.6667,1.5,3
11/21/2025 22:00,0.6,78,15.8,5.6,1022.9,24,25.5556,1.5,3
11/21/2025 23:00,0.4,76,14.9,8,1023.6,24,24.4444,1.5,3
11/22/2025 0:00,2,79,19.5,2.4,1023.7,37,26.1111,1.5,3
11/22/2025 1:00,0.9,81,18.6,2.4,1023.8,30,3.28333,1.5,3
11/22/2025 2:00,1.2,83,19.5,0.8,1024.1,31,2.52778,1.5,3
11/22/2025 3:00,0.9,83,19.5,1.6,1024,26,28.3333,1.5,3
11/22/2025 5:00,1.5,86,19.5,0.8,1023.4,21,30,1.5,3
11/22/2025 7:00,2,89,21.3,0.8,1024.1,22,31.6667,1.5,3
11/22/2025 8:00,3,89,22.3,0.8,1024.6,25,32.2222,1.5,3
11/22/2025 9:00,4.4,90,22.3,2.4,1025.5,38,31.6667,1.5,0.5
11/22/2025 10:00,4.4,89,23.2,7.3,1025.7,52,31.6667,1.5,1.5
11/22/2025 11:00,2.5,75,15.8,11.2,1025.3,62,7.15,1.5,2.5
11/22/2025 13:00,0.9,74,13.9,19.2,1023.3,70,22.2222,0.5,4
11/22/2025 14:00,0.9,72,10.2,21.6,1022.4,61,22.7778,1.5,5.5
11/22/2025 15:00,0.9,73,7.5,22.4,1021.9,53,22.7778,2.5,7
11/22/2025 16:00,0.9,73,9.3,21.6,1021.9,50,22.7778,2,5
11/22/2025 18:00,0.9,73,13.9,13.6,1022.5,47,25.5556,1.5,3
11/22/2025 20:00,4.4,84,25.1,1.6,1022,58,5.26111,1.5,3
11/22/2025 21:00,4.4,84,23.2,0.8,1022.2,59,5.26111,1.5,3
11/22/2025 22:00,6.2,85,22.3,0.8,1022.4,68,4.12222,1.5,3
11/22/2025 23:00,4.3,86,20.4,0.8,1022.1,63,30,1.5,3
11/23/2025 0:00,3.3,87,19.5,0.8,1021.7,53,30.5556,1.5,3
11/23/2025 2:00,2.6,89,18.6,0.8,1020.7,40,31.6667,1.5,3
11/23/2025 3:00,2.6,90,18.6,0.8,1019.8,41,0.933333,1.5,3
11/23/2025 4:00,2.3,90,18.6,0.8,1019.4,36,0.461111,1.5,3
11/23/2025 5:00,1.8,91,18.6,0.8,1019.1,39,0.888889,1.5,3
11/23/2025 6:00,3.5,90,21.3,0.8,1018.9,57,2.07222,1.5,3
11/23/2025 7:00,5.2,90,22.3,0.8,1018.8,62,32.2222,1.5,3
11/23/2025 8:00,3.5,90,21.3,1.6,1018.8,69,32.2222,1.5,3
11/23/2025 9:00,1,93,15.8,6.4,1019.7,79,33.8889,1.5,3
11/23/2025 10:00,0.9,94,15.8,7.3,1020.2,79,34.4444,1.5,3
11/23/2025 11:00,1.3,92,15.8,8,1020.1,81,33.3333,1.5,3
11/23/2025 12:00,1.3,91,15.8,8.8,1019.3,83,4.14444,1.5,3
11/23/2025 13:00,0.8,89,15.8,10.4,1018.9,78,4.47778,1.5,3
11/23/2025 14:00,0.4,86,13.9,12.8,1018.7,66,5.03333,1.5,3
11/23/2025 15:00,0.4,83,10.2,17.6,1018.8,54,5.41111,1.5,3
11/23/2025 16:00,0.3,81,11.2,16.8,1019.4,58,5.75,1.5,1
11/23/2025 18:00,3.9,81,24.1,4,1020.7,62,4.68889,1.5,0.5
11/23/2025 20:00,5.2,87,26,0.8,1021.8,76,2.86667,1.5,0.5
11/23/2025 22:00,2.7,84,22.3,2.4,1021.7,59,1.97778,1.5,0.5
11/23/2025 23:00,2.5,83,24.1,1.6,1021.9,47,1.31111,1.5,0.5
11/24/2025 2:00,2.5,83,23.2,0.8,1021.9,27,30,1.5,0.5
11/24/2025 3:00,1.5,86,24.1,0.8,1021.9,29,30.5556,1.5,0.5
11/24/2025 4:00,0.5,83,25.1,0.8,1021.9,26,28.3333,1.5,0.5
11/24/2025 5:00,0.9,84,26,0.8,1021.9,14,28.8889,1.5,0.5
11/24/2025 6:00,0.9,87,26.9,0.8,1021.9,25,30.5556,1.5,0.5
11/24/2025 7:00,0.9,87,27.8,0.8,1021.9,42,30.5556,1.5,0.5
11/24/2025 8:00,4.7,86,29.7,0.8,1021.9,39,0.144444,1.5,0.5
11/24/2025 9:00,6.2,85,28.8,2.4,1021.9,53,1.62778,1.5,0.5
11/24/2025 10:00,0.9,86,18.6,8,1021.9,74,4.10556,1.5,0.5
11/24/2025 11:00,0.6,84,15.8,12.1,1022.9,76,5.72222,0.5,3
11/24/2025 13:00,0.6,74,13,17.6,1022.7,70,20,0.5,3.5
11/24/2025 14:00,0.6,68,14.9,17.6,1022,65,16.6667,0.5,2
11/24/2025 15:00,0.6,56,13.9,20,1021.8,58,13.3333,1,3
11/24/2025 16:00,0.6,56,11.2,24.8,1021.7,31,9.44444,0.3,3
11/24/2025 18:00,3.8,50,28.8,6.4,1021.9,33,9.62222,0.2,2.2
11/24/2025 20:00,2.4,59,26,5.6,1022,13,6.38333,0.2,2.2
11/24/2025 21:00,1.9,60,26,4.8,1022.5,18,6.32222,0.2,2.2
11/24/2025 22:00,3.6,65,30.6,1.6,1022.7,28,5.90556,0.2,2.2
11/24/2025 23:00,3.8,65,31.5,0.8,1023.4,44,21.6667,0.2,2.2
11/25/2025 0:00,3.8,71,28.8,0.8,1023.8,51,25.5556,0.2,2.2
11/25/2025 1:00,1.4,82,25.1,1.6,1023.9,53,27.7778,0.2,2.2
11/25/2025 2:00,0.7,82,25.1,1.6,1024,45,4.46111,0.2,2.2
11/25/2025 3:00,0.6,82,25.1,0.8,1023.9,35,4.33333,0.2,2.2
11/25/2025 4:00,0.8,83,25.1,0.8,1024.2,34,4.21111,0.2,2.2
11/25/2025 5:00,0.8,83,21.3,5.6,1024.3,18,4.12222,0.2,2.2
11/25/2025 6:00,0.2,69,11.2,16.8,1024.6,6,3.13333,0.2,2.2
11/25/2025 7:00,0.9,69,11.2,12.8,1025,5,3.13333,0.2,2.2
11/25/2025 8:00,2.7,68,27.8,4,1025.9,8,0.316667,0.2,2.2
11/25/2025 9:00,3.5,69,27.8,5.6,1027.1,11,1.29444,0.2,2.2
11/25/2025 10:00,1.8,62,20.4,13.6,1027.9,11,3.06667,0.2,2.5
11/25/2025 11:00,1.3,57,18.6,16,1027.9,14,13.8889,0.2,3
11/25/2025 12:00,0.9,49,17.6,18.4,1027,17,9.44444,0.5,2.5
11/25/2025 13:00,0.9,43,13,24.1,1026.1,12,6.11111,2,5
11/25/2025 14:00,0.9,37,5.6,30.4,1026.2,7,2.77778,1.3,4.6
11/25/2025 15:00,0.9,37,4.7,31.2,1026.3,7,2.22222,0.6,3.3
11/25/2025 16:00,0.9,33,5.6,31.2,1026.7,7,0.555556,1.3,5.3
11/25/2025 18:00,1,37,21.3,15.2,1027.5,16,5.80556,1.2,5
11/25/2025 20:00,4.3,43,34.3,2.4,1028,13,6.11111,1.2,5
11/25/2025 21:00,1.6,45,24.1,8.8,1028.1,12,8.33333,1.2,5
11/25/2025 22:00,2,47,26.9,4.8,1028.6,17,11.1111,1.2,5
11/25/2025 23:00,3.2,56,27.8,3.2,1029,14,13.3333,1.2,5
11/26/2025 0:00,2.9,60,30.6,0.8,1029.3,18,15.5556,1.2,5
11/26/2025 1:00,3,63,29.7,0.8,1029.5,18,17.2222,1.2,5
11/26/2025 2:00,2.8,63,29.7,0.8,1028.6,19,17.7778,1.2,5
11/26/2025 3:00,2.4,65,29.7,0.8,1028.1,18,18.3333,1.2,5
11/26/2025 4:00,1.6,63,30.6,0.8,1027.9,23,1.45556,1.2,5
11/26/2025 5:00,2.3,63,31.5,1.6,1027.6,30,17.2222,1.2,5
11/26/2025 6:00,2.9,65,32.5,0.8,1027.1,30,18.3333,1.2,5
11/26/2025 7:00,3.6,63,29.7,2.4,1027.7,21,17.2222,1.2,5
11/26/2025 8:00,3.6,63,33.4,0.8,1028.2,28,21.1111,1.2,5
11/26/2025 9:00,3.2,70,26.9,4,1029.8,32,21.1111,1.2,3
11/26/2025 11:00,0.2,61,13.9,16,1029.6,29,16.1111,0.2,2
11/26/2025 12:00,0.2,53,13.9,17.6,1029.4,33,7.38333,0.2,3
11/26/2025 13:00,0.2,48,13.9,19.2,1028.5,33,8.88889,0.2,3.5
11/26/2025 14:00,0.2,45,12.1,22.4,1028.3,39,7.22222,0.2,2.5
11/26/2025 15:00,0.2,45,12.1,22.4,1028.5,34,5,0.2,2.5
11/26/2025 16:00,4.9,41,16.7,18.4,1028.5,44,5,0.2,2.7
11/26/2025 18:00,3.8,46,35.2,1.6,1028.3,48,7.77778,0.2,2.7
11/26/2025 20:00,0.7,45,20.4,12.1,1028.1,25,6.26111,0.2,2.7
11/26/2025 21:00,6,52,33.4,0.8,1027.8,42,4.86111,0.2,2.7
11/26/2025 22:00,5.5,50,33.4,0.8,1028.3,45,4.83333,0.2,2.7
11/26/2025 23:00,3.5,54,31.5,0.8,1028.4,31,12.2222,0.2,2.7
11/27/2025 0:00,1.9,53,29.7,1.6,1028.3,30,11.6667,0.2,2.7
11/27/2025 1:00,1.6,58,29.7,0.8,1028.1,23,14.4444,0.2,2.7
11/27/2025 2:00,1.6,58,27.8,0.8,1027.9,21,15.5556,0.2,2.7
11/27/2025 3:00,0.8,60,28.8,0.8,1027.5,53,16.1111,0.2,2.7
11/27/2025 4:00,0.8,62,27.8,1.6,1026.6,58,16.6667,0.2,2.7
11/27/2025 5:00,1.3,62,26.9,2.4,1026.3,17,2.55556,0.2,2.7
11/27/2025 6:00,1.5,69,29.7,0.8,1026.2,18,0.705556,0.2,2.7
11/27/2025 7:00,2.7,74,29.7,0.8,1026.6,23,-0.222222,0.2,2.7
11/27/2025 8:00,3.6,75,31.5,0.8,1026.4,25,-0.311111,0.2,2.7
11/27/2025 9:00,3.5,72,29.7,3.2,1026.6,38,22.2222,0.2,2.7
11/27/2025 10:00,1.2,62,15.8,13.6,1026.6,37,16.6667,0.2,2.7
11/27/2025 11:00,0.4,53,11.2,20,1025.9,30,11.6667,0.5,2
11/27/2025 12:00,0.4,46,7.5,24.1,1024.3,25,7.77778,1.3,4.3
11/27/2025 13:00,0.4,39,6.5,28.1,1023.3,23,3.88889,1.5,5.5
11/27/2025 14:00,0.4,38,6.5,28.1,1022.3,27,12.9778,1.5,3
11/27/2025 16:00,0.4,38,11.2,24.8,1020.7,32,13.8389,0.7,1.5
11/27/2025 18:00,3.4,51,31.5,4,1020.3,45,10.2722,0.7,0.7
11/27/2025 20:00,5.7,69,30.6,0.8,1019.6,59,20.5556,0.7,0.7
11/27/2025 21:00,5.2,73,30.6,0.8,1019.4,59,22.7778,0.7,0.7
11/27/2025 22:00,5.2,73,29.7,0.8,1018.9,60,24.4444,0.7,0.7
11/27/2025 23:00,4.3,74,27.8,0.8,1018.5,57,2.73333,0.7,0.7
11/28/2025 0:00,3.8,75,26.9,0.8,1017.7,53,1.88889,0.7,0.7
11/28/2025 1:00,3,78,26.9,0.8,1017,42,1.23889,0.7,0.7
11/28/2025 2:00,2,79,26.9,0.8,1016.3,41,0.555556,0.7,0.7
11/28/2025 3:00,1.7,79,26,0.8,1015.3,37,0.127778,0.7,0.7
11/28/2025 4:00,1,78,26,0.8,1014.4,16,25.5556,0.7,0.7
11/28/2025 5:00,1.7,76,27.8,0.8,1013.7,22,24.4444,0.7,0.7
11/28/2025 6:00,2.9,78,28.8,0.8,1013.7,15,25.5556,0.7,0.7
11/28/2025 7:00,4.9,77,30.6,0.8,1013.3,29,1.25,0.7,0.7
11/28/2025 8:00,6.5,77,31.5,0.8,1013,34,1.94444,0.7,0.7
11/28/2025 9:00,7.4,77,33.4,1.6,1013,47,2.4,0.7,0.7
11/28/2025 10:00,7.5,74,34.3,2.4,1013.4,52,4.24444,0.7,3
11/28/2025 11:00,2.7,65,26.9,8,1013.5,54,7.49444,0.3,3.3
11/28/2025 12:00,1.3,66,20.4,11.2,1012.9,67,8.68889,0.5,4.5
11/28/2025 13:00,0.3,56,19.5,16,1012.6,63,10.6,2.5,6.5
11/28/2025 14:00,0.3,47,9.3,25.6,1012.4,32,8.33333,2.6,8.6
11/28/2025 15:00,0.3,44,6.5,28.1,1012.8,20,6.66667,1.6,5.3
11/28/2025 16:00,0.3,43,3.8,29.6,1013.5,9,11.1,0.5,4.5
11/28/2025 18:00,0.3,50,18.6,14.5,1015.1,16,9.06111,0.2,3
11/28/2025 19:00,2.6,51,31.5,3.2,1015.7,30,8.23889,0.2,3
11/28/2025 20:00,4.2,55,33.4,0.8,1016.4,31,7.01111,0.2,3
11/28/2025 21:00,2,58,24.1,9.6,1017.6,26,6.29444,0.2,3
11/28/2025 22:00,2,62,6.5,24.1,1018.1,10,6.53889,0.2,3
11/28/2025 23:00,2,66,16.7,13.6,1018.8,19,5.54444,0.2,3
11/29/2025 0:00,2,66,23.2,7.3,1019.4,11,19.4444,0.2,3
11/29/2025 1:00,0.5,67,15.8,15.2,1020.2,10,19.4444,0.2,3
11/29/2025 2:00,0.5,69,21.3,8,1020.1,13,5.37778,0.2,3
11/29/2025 3:00,0.5,72,23.2,6.4,1020,9,4.4,0.2,3
11/29/2025 4:00,0.5,72,25.1,1.6,1020,27,25.5556,0.2,3
11/29/2025 5:00,0.5,78,25.1,1.6,1020.3,20,26.1111,0.2,3
11/29/2025 7:00,1.4,83,26,1.6,1021,10,28.3333,0.2,3
11/29/2025 8:00,1.4,85,24.1,1.6,1021.9,12,29.4444,0.2,2
11/29/2025 9:00,1.5,84,20.4,6.4,1023.1,13,1.12222,0.2,2
11/29/2025 10:00,1.4,80,16.7,8.8,1023.6,15,26.6667,0.2,1.7
11/29/2025 11:00,0.8,77,10.2,14.5,1023.4,15,25,0.2,1
11/29/2025 12:00,0.8,68,4.7,20.8,1022.5,12,20,0.2,2
11/29/2025 13:00,0.8,68,4.7,23.3,1021.6,12,16.1111,1,3.5
11/29/2025 14:00,0.8,56,5.6,23.3,1020.6,11,13.3333,1.5,6
11/29/2025 15:00,0.8,58,5.6,22.4,1019.8,10,14.4444,1.6,4.6
11/29/2025 16:00,0.8,56,6.5,22.4,1019.6,9,13.3333,0.3,2.3
11/29/2025 18:00,2.7,61,21.3,8.8,1019.4,15,4.04444,0.2,1.7
11/29/2025 20:00,2.5,64,20.4,5.6,1018.3,23,17.7778,0.2,1.7
11/29/2025 21:00,3.2,67,25.1,3.2,1017.8,23,19.4444,0.2,1.7
11/29/2025 22:00,3.2,67,26,1.6,1016.4,31,20,0.2,1.7
11/29/2025 23:00,4.5,67,24.1,2.4,1015.4,27,19.4444,0.2,1.7
11/30/2025 0:00,4.5,67,26,1.6,1014.8,27,20.5556,0.2,1.7
11/30/2025 2:00,5.2,73,30.6,0.8,1013.7,43,22.7778,0.2,1.7
11/30/2025 3:00,5.3,77,29.7,0.8,1013.3,47,1.41111,0.2,1.7
11/30/2025 4:00,4.7,77,29.7,0.8,1012.9,42,25,0.2,1.7
11/30/2025 5:00,4.7,79,29.7,0.8,1012.2,43,26.1111,0.2,1.7
11/30/2025 6:00,4.7,79,27.8,0.8,1013.1,44,26.6667,0.2,1.7
11/30/2025 7:00,0.7,79,14.9,12.8,1013.5,25,26.1111,0.2,1.7
11/30/2025 8:00,1.6,90,22.3,6.4,1013,30,32.2222,0.2,1.7
11/30/2025 9:00,1.7,94,25.1,4,1013.1,32,34.4444,0.2,1.7
11/30/2025 10:00,2.5,97,25.1,2.4,1013.9,41,36.1111,0.2,1.7
11/30/2025 11:00,3.6,97,25.1,3.2,1014.4,43,36.1111,0.2,1.7
11/30/2025 12:00,3.3,98,22.3,4.8,1014.4,45,1.09444,0.2,0.5
11/30/2025 13:00,0.8,96,16.7,12.8,1014.6,37,1.78333,0.2,0.2
11/30/2025 14:00,0.8,96,16.7,12.8,1015.1,28,1.78333,0.2,0.2
11/30/2025 15:00,0.2,96,7.5,19.2,1015.9,18,34.4444,0.2,0.2
11/30/2025 16:00,0.2,91,4.7,19.2,1016.9,11,32.7778,0.2,0.2
11/30/2025 19:00,0.2,88,9.3,16.8,1020.6,26,32.2222,0.2,0.2
11/30/2025 21:00,0.2,85,8.4,15.2,1022.4,29,0.627778,0.2,0.2
11/30/2025 22:00,0.3,82,10.2,14.5,1023.4,27,-0.0333333,0.2,0.2
11/30/2025 23:00,0.5,85,13.9,9.6,1024.1,26,-0.738889,0.2,0.2
12/1/2025 2:00,0.9,87,16.7,4.8,1025.2,21,30.5556,0.2,0.2
12/1/2025 3:00,1.8,92,21.3,0.8,1025.6,20,33.3333,0.2,0.2
12/1/2025 4:00,1.9,93,23.2,0.8,1025.5,23,-2.83333,0.2,0.2
12/1/2025 5:00,3.3,94,23.2,5.6,1025.9,26,-3.48333,0.2,0.2
12/1/2025 6:00,3.3,94,23.2,0.8,1026.1,31,-3.48333,0.2,0.2
12/1/2025 7:00,3.3,93,22.3,0.8,1026.9,33,-3.66667,0.2,0.2
12/1/2025 8:00,5.6,91,26,0.8,1027.1,34,32.7778,0.2,0.2
12/1/2025 9:00,5.3,90,24.1,4,1027.9,41,32.2222,0.2,0.2
12/1/2025 10:00,5.3,90,17.6,9.6,1028.4,44,27.7778,0.2,0.2
12/1/2025 11:00,0.7,73,8.4,17.6,1028.3,34,22.7778,0.2,0.6
12/1/2025 12:00,0.7,69,6.5,20.8,1028,39,20.5556,0.2,2.6
12/1/2025 13:00,0.5,66,11.2,16.8,1027.8,42,2.83889,0.5,3
12/1/2025 14:00,0.5,62,9.3,20.8,1027.1,41,3.90556,0.5,3.5
12/1/2025 15:00,0.5,56,6.5,24.1,1026.8,33,4.42778,0.5,3
12/1/2025 16:00,0.5,53,8.4,22.4,1026,30,4.97778,0.5,2
12/1/2025 18:00,2.4,60,28.8,4.8,1025.6,36,15.5556,0.2,1
12/1/2025 20:00,1,67,20.4,7.3,1025.7,32,19.4444,0.2,1
12/1/2025 21:00,1.3,68,20.4,6.4,1025.6,38,1,0.2,1
12/1/2025 22:00,3.7,72,26,1.6,1025.2,36,0.433333,0.2,1
12/1/2025 23:00,3.2,72,25.1,2.4,1024.9,37,0.6,0.2,1
12/2/2025 0:00,2.2,73,24.1,1.6,1024.2,40,0.183333,0.2,1
12/2/2025 1:00,1.9,73,24.1,1.6,1023.7,37,0.183333,0.2,1
12/2/2025 2:00,1.4,74,24.1,1.6,1022.8,43,0.3,0.2,1
12/2/2025 3:00,1,74,25.1,0.8,1022.7,28,0.788889,0.2,1
12/2/2025 4:00,1.9,74,27.8,1.6,1022.9,31,23.3333,0.2,1
12/2/2025 5:00,2.9,74,28.8,0.8,1021.5,38,23.8889,0.2,1
12/2/2025 6:00,2.5,74,28.8,0.8,1021.2,35,1.45556,0.2,1
12/2/2025 7:00,2.2,68,24.1,5.6,1020.8,26,1.87778,0.2,1
12/2/2025 8:00,1.5,62,15.8,13.6,1020.4,18,2.67222,0.2,1
12/2/2025 9:00,1.8,67,18.6,11.2,1020.1,22,2.5,0.2,1
12/2/2025 10:00,1.8,67,18.6,11.2,1019.7,20,2.5,0.2,1
12/2/2025 11:00,1.8,67,15.8,16,1019.4,18,3.51667,0.2,1.5
12/2/2025 12:00,1.8,60,13,20,1017.2,18,4.62222,0.2,2.3
12/2/2025 13:00,1.8,54,11.2,22.4,1015.8,15,5.69444,0.3,2.6
12/2/2025 14:00,1.8,54,9.3,26.4,1015.2,11,12.2222,0.5,4
12/2/2025 15:00,1.8,54,8.4,27.2,1014.2,9,13.3333,0.5,1
12/2/2025 16:00,1.8,55,11.2,24.8,1013.8,10,5.56667,0.5,0.5
12/2/2025 18:00,5.5,59,18.6,16,1014.7,11,5.37778,0.5,0.5
12/2/2025 20:00,3.5,86,6.5,25.6,1015.8,6,2.09444,0.5,0.5
12/2/2025 21:00,5.8,92,6.5,23.3,1015.5,7,1.22222,0.5,0.5
12/2/2025 22:00,6,93,8.4,21.6,1015.4,11,33.8889,0.5,0.5
12/2/2025 23:00,6.3,94,11.2,17.6,1015.6,15,1.36111,0.5,0.5
12/3/2025 0:00,6.6,95,13.9,14.5,1015.8,18,1.31111,0.5,0.5
12/3/2025 2:00,8.6,95,14.9,14.5,1015.7,26,35,0.5,0.5
12/3/2025 3:00,8.7,95,16.7,12.8,1015.8,32,1.58333,0.5,0.5
12/3/2025 4:00,9,95,21.3,4.8,1015.7,38,0.866667,0.5,0.5
12/3/2025 5:00,11.3,96,23.2,4.8,1016.6,41,0.122222,0.5,0.5
12/3/2025 6:00,10.3,95,13.9,14.5,1017.3,43,1.06111,0.5,0.5
12/3/2025 8:00,10.9,95,16.7,9.6,1018.4,28,1.18333,0.5,0.5
12/3/2025 9:00,10.5,93,13.9,11.2,1019.7,20,1.01111,0.5,0.5
12/3/2025 10:00,10.5,94,12.1,12.1,1020.6,23,1.27778,0.5,0.5
12/3/2025 11:00,10.5,90,10.2,15.2,1021,33,2.38889,0.5,2
12/3/2025 12:00,2.3,83,8.4,17.6,1021.1,29,2.7,1.5,4
12/3/2025 13:00,1.9,83,5.6,19.2,1021.1,26,2.7,1,5.5
12/3/2025 15:00,1.7,69,4.7,23.3,1021.5,22,4.13333,2,5
12/3/2025 18:00,2.3,72,8.4,20,1023.5,16,2.84444,1.5,4.5
12/3/2025 20:00,4.4,85,27.8,0.8,1024.8,24,0.833333,1.5,4.5
12/3/2025 21:00,3.8,84,20.4,6.4,1025.6,22,0.55,1.5,4.5
12/3/2025 22:00,2,79,13.9,11.2,1026,22,1.51111,1.5,4.5
12/3/2025 23:00,1.3,77,9.3,16.8,1026.4,16,1.96111,1.5,4.5
12/4/2025 0:00,1.2,77,10.2,13.6,1026.6,19,1.75,1.5,4.5
12/4/2025 1:00,1.2,77,11.2,14.5,1026.7,16,1.48333,1.5,4.5
12/4/2025 3:00,2.6,81,22.3,4,1027,16,0.827778,1.5,4.5
12/4/2025 4:00,2.5,84,25.1,0.8,1026.1,25,-0.466667,1.5,4.5
12/4/2025 5:00,3.4,90,24.1,0.8,1026.4,25,-1.88889,1.5,4.5
12/4/2025 6:00,3.7,92,23.2,0.8,1026.8,24,-2.14444,1.5,4.5
12/4/2025 7:00,5.6,92,24.1,0.8,1027.5,27,-1.72778,1.5,4.5
12/4/2025 8:00,6.5,90,26,0.8,1027.7,32,-0.972222,1.5,4.5
12/4/2025 9:00,9.2,88,29.7,1.6,1028.5,46,-0.555556,1.5,4.5
12/4/2025 10:00,9.2,86,29.7,0.8,1029,52,0.122222,1.5,1.5
12/4/2025 11:00,9.2,80,29.7,0.8,1029.1,54,2.12222,1.5,0.7
12/4/2025 12:00,9.2,70,29.7,0.8,1027.8,55,3.91111,1.5,0.7
12/05/2025 17:00,2.9,88.0,14.9,17.6,1018.9,16.0,31.1111,0.7,3.7
12/05/2025 18:00,3.2,88.0,15.8,15.2,1018.4,21.0,31.1111,0.7,3.7
12/05/2025 19:00,3.6,88.0,18.6,12.8,1017.4,18.0,31.1111,0.7,3.7
12/05/2025 21:00,3.0,87.0,17.6,11.2,1016.1,26.0,31.6667,0.7,3.7
12/05/2025 22:00,2.4,90.0,13.0,15.2,1016.8,22.0,32.2222,0.7,3.7
12/05/2025 23:00,2.7,94.0,14.9,13.6,1015.7,22.0,4.10556,0.7,3.7
12/06/2025 00:00,2.4,95.0,13.0,14.5,1015.1,19.0,4.24444,0.7,3.7
12/06/2025 01:00,1.3,91.0,6.5,22.4,1014.3,8.0,4.88333,0.7,3.7
12/06/2025 02:00,1.5,91.0,10.2,17.6,1013.7,7.0,34.4444,0.7,3.7
12/06/2025 03:00,1.8,94.0,10.2,16.8,1013.8,6.0,33.8889,0.7,3.7
12/06/2025 04:00,1.6,90.0,9.3,16.8,1013.3,8.0,32.2222,0.7,3.7
12/06/2025 05:00,1.8,94.0,9.3,17.6,1013.0,8.0,34.4444,0.7,3.7
12/06/2025 06:00,2.0,94.0,12.1,15.2,1013.5,5.0,34.4444,0.7,3.7
12/06/2025 07:00,1.6,87.0,9.3,20.8,1014.7,6.0,30.5556,0.7,3.7
12/06/2025 08:00,1.4,81.0,9.3,22.4,1016.4,5.0,27.2222,0.7,3.7
12/06/2025 09:00,1.7,77.0,7.5,25.6,1017.7,4.0,6.38889,0.7,3.7
12/06/2025 10:00,2.3,77.0,9.3,23.3,1018.1,5.0,6.32222,0.7,6.0
12/06/2025 11:00,1.5,71.0,2.8,31.2,1018.5,5.0,7.65556,1.0,6.5
12/06/2025 12:00,1.3,61.0,2.8,32.0,1018.3,5.0,16.1111,6.0,13.5
12/06/2025 13:00,1.6,57.0,1.9,32.8,1018.3,5.0,13.8889,4.5,13.5
12/06/2025 14:00,1.6,53.0,1.9,32.8,1017.8,5.0,11.6667,3.5,10.0
12/06/2025 15:00,1.6,52.0,1.9,32.8,1017.7,5.0,11.1111,3.5,10.0
12/06/2025 19:00,7.9,61.0,30.6,2.4,1019.2,35.0,5.67778,1.6,5.3
12/06/2025 20:00,9.6,66.0,31.5,0.8,1019.8,36.0,4.95556,1.6,5.3
12/06/2025 21:00,7.8,69.0,30.6,0.8,1020.6,53.0,4.52222,1.6,5.3
12/06/2025 22:00,9.6,72.0,29.7,0.8,1021.1,63.0,22.2222,1.6,5.3
12/06/2025 23:00,8.8,72.0,28.8,0.8,1021.9,57.0,22.2222,1.6,5.3
12/07/2025 00:00,7.5,69.0,30.6,0.8,1022.3,55.0,20.5556,1.6,5.3
12/07/2025 02:00,4.3,78.0,26.0,0.8,1023.0,43.0,25.5556,1.6,5.3
12/07/2025 03:00,3.2,81.0,25.1,0.8,1023.1,21.0,0.411111,1.6,5.3
12/07/2025 04:00,2.7,80.0,25.1,0.8,1023.2,18.0,0.35,1.6,5.3
12/07/2025 05:00,1.0,82.0,25.1,0.8,1023.5,12.0,-0.35,1.6,5.3
12/07/2025 06:00,0.6,79.0,24.1,0.8,1023.6,11.0,26.1111,1.6,5.3
12/07/2025 07:00,0.8,77.0,25.1,1.6,1024.4,11.0,25.0,1.6,5.3
12/07/2025 08:00,1.6,72.0,21.3,8.0,1025.0,10.0,22.2222,1.6,5.3
12/07/2025 10:00,0.9,64.0,13.0,17.6,1026.6,15.0,17.7778,1.6,1.0
12/07/2025 11:00,0.9,57.0,9.3,22.4,1026.9,14.0,13.8889,1.6,1.5
12/07/2025 12:00,0.9,52.0,7.5,24.8,1026.3,13.0,11.1111,1.6,2.6
12/07/2025 13:00,0.9,52.0,8.4,24.1,1025.6,17.0,11.1111,0.2,3.0
12/07/2025 14:00,0.9,46.0,4.7,29.6,1024.9,11.0,8.53889,0.5,2.5
12/07/2025 15:00,0.9,46.0,4.7,28.1,1025.0,12.0,8.83889,0.5,0.5
12/07/2025 16:00,0.9,46.0,6.5,26.4,1024.6,12.0,7.22222,0.5,1.5
12/07/2025 17:00,0.8,45.0,9.3,24.1,1024.9,17.0,8.33333,0.2,1.7
12/07/2025 20:00,3.6,52.0,24.1,7.3,1024.6,24.0,11.1111,0.2,1.7
12/07/2025 21:00,5.6,56.0,30.6,1.6,1025.1,31.0,13.3333,0.2,1.7
12/07/2025 22:00,6.7,56.0,32.5,0.8,1025.9,34.0,14.4444,0.2,1.7
12/07/2025 23:00,4.8,58.0,27.8,3.2,1025.8,33.0,6.56111,0.2,1.7
12/08/2025 02:00,2.6,60.0,21.3,7.3,1025.1,21.0,15.5556,0.2,1.7
12/08/2025 03:00,2.4,61.0,20.4,6.4,1025.0,14.0,16.1111,0.2,1.7
12/08/2025 04:00,2.3,63.0,23.2,3.2,1024.8,15.0,17.2222,0.2,1.7
12/08/2025 05:00,2.4,62.0,21.3,7.3,1024.8,19.0,16.6667,0.2,1.7
12/08/2025 06:00,2.4,64.0,26.0,2.4,1024.7,20.0,17.7778,0.2,1.7
12/08/2025 07:00,5.6,67.0,28.8,0.8,1025.5,23.0,5.05,0.2,1.7
12/08/2025 08:00,7.2,68.0,30.6,0.8,1026.1,27.0,4.92222,0.2,1.7
12/08/2025 09:00,5.8,67.0,29.7,2.4,1026.6,28.0,5.22778,0.2,3.0
12/08/2025 10:00,4.0,62.0,25.1,6.4,1027.1,38.0,6.37778,0.2,1.5
12/08/2025 11:00,3.3,59.0,21.3,9.6,1027.5,33.0,7.39444,0.2,0.5
12/08/2025 13:00,1.0,47.0,10.2,24.1,1025.5,24.0,8.33333,0.5,6.0
12/08/2025 14:00,1.0,46.0,5.6,29.6,1025.1,15.0,7.77778,1.5,5.0
12/08/2025 15:00,1.0,47.0,5.6,29.6,1025.2,12.0,8.33333,2.0,6.5
12/08/2025 16:00,1.0,47.0,2.8,31.2,1024.8,12.0,8.88889,0.5,2.5
12/08/2025 18:00,4.2,56.0,26.9,6.4,1024.7,23.0,9.13889,0.2,2.5
12/08/2025 20:00,3.0,64.0,21.3,8.8,1024.3,20.0,6.18889,0.2,2.5
12/08/2025 21:00,1.8,65.0,17.6,11.2,1024.5,17.0,5.62778,0.2,2.5
12/08/2025 22:00,1.5,65.0,16.7,11.2,1024.5,15.0,18.3333,0.2,2.5
12/08/2025 23:00,2.2,67.0,19.5,7.3,1023.9,18.0,19.4444,0.2,2.5
12/09/2025 00:00,2.5,67.0,25.1,1.6,1023.7,21.0,21.6667,0.2,2.5
12/09/2025 01:00,2.8,72.0,23.2,0.8,1022.8,22.0,20.5556,0.2,2.5
12/09/2025 02:00,1.9,69.0,23.2,4.0,1022.8,18.0,20.5556,0.2,2.5
12/09/2025 03:00,1.2,68.0,21.3,4.0,1022.6,15.0,3.55556,0.2,2.5
12/09/2025 04:00,1.4,72.0,25.1,0.8,1021.7,18.0,3.0,0.2,2.5
12/09/2025 05:00,2.4,75.0,25.1,3.2,1021.1,13.0,2.30556,0.2,2.5
12/09/2025 06:00,4.4,76.0,26.9,1.6,1021.1,18.0,2.46111,0.2,2.5
12/09/2025 07:00,7.6,76.0,28.8,0.8,1021.5,24.0,2.58333,0.2,2.5
12/09/2025 08:00,8.9,75.0,30.6,0.8,1021.4,26.0,23.8889,0.2,2.5
12/09/2025 09:00,8.5,75.0,30.6,1.6,1021.6,28.0,23.8889,0.2,2.5
12/09/2025 10:00,8.5,67.0,26.0,6.4,1022.0,33.0,5.95556,0.2,2.5
12/09/2025 11:00,8.5,59.0,22.3,9.6,1021.5,34.0,7.32222,0.2,2.5
12/09/2025 12:00,8.5,55.0,18.6,13.6,1021.2,36.0,8.62778,0.2,2.5
12/09/2025 13:00,3.7,50.0,17.6,14.5,1020.3,35.0,9.87222,0.2,2.5
12/09/2025 14:00,4.2,48.0,16.7,16.0,1019.6,35.0,11.1278,0.5,4.0
12/09/2025 15:00,3.6,48.0,16.7,20.0,1019.2,31.0,11.1278,0.2,3.0
12/09/2025 16:00,3.3,39.0,17.6,16.8,1019.8,29.0,14.0111,0.2,1.6
12/09/2025 18:00,5.7,43.0,34.3,1.6,1020.1,34.0,6.11111,0.2,1.7
12/09/2025 20:00,4.5,46.0,36.2,0.8,1021.2,37.0,10.6611,0.2,1.7
12/09/2025 21:00,4.5,46.0,36.2,8.8,1022.3,27.0,10.6611,0.2,1.7
12/09/2025 22:00,4.5,46.0,36.2,8.0,1021.9,27.0,10.6611,0.2,1.7
12/09/2025 23:00,4.5,46.0,36.2,8.0,1021.8,28.0,10.6611,0.2,1.7
12/10/2025 00:00,4.5,46.0,36.2,8.0,1021.4,28.0,10.6611,0.2,1.7
12/10/2025 03:00,2.3,64.0,26.0,0.8,1021.7,22.0,7.47222,0.2,1.7
12/10/2025 04:00,2.0,62.0,25.1,0.8,1021.7,17.0,7.72778,0.2,1.7
12/10/2025 05:00,3.7,63.0,27.8,0.8,1021.3,27.0,7.42778,0.2,1.7
12/10/2025 06:00,5.4,63.0,28.8,0.8,1021.8,33.0,7.07778,0.2,1.7
12/10/2025 07:00,5.9,62.0,29.7,0.8,1021.9,35.0,7.48889,0.2,1.7
12/10/2025 08:00,5.3,60.0,27.8,1.6,1022.6,32.0,8.02222,0.2,1.7
12/10/2025 09:00,6.2,60.0,27.8,2.4,1023.0,42.0,8.02222,0.2,1.7
12/10/2025 10:00,6.4,61.0,24.1,6.4,1023.3,49.0,8.75,0.2,0.5
12/10/2025 11:00,5.6,54.0,20.4,10.4,1022.1,47.0,8.88889,0.5,3.5
12/10/2025 12:00,4.5,48.0,15.8,15.2,1022.0,38.0,8.88889,0.3,3.0
12/10/2025 13:00,3.2,43.0,10.2,23.3,1021.1,20.0,6.11111,0.2,2.3
12/10/2025 14:00,2.7,41.0,7.5,26.4,1020.5,13.0,5.0,0.6,4.3
12/10/2025 15:00,2.8,41.0,8.4,24.8,1020.6,17.0,15.5,0.5,6.0
12/10/2025 16:00,3.0,40.0,9.3,24.1,1020.8,12.0,15.4389,0.5,1.0
12/10/2025 18:00,7.0,45.0,29.7,3.2,1020.9,17.0,12.5222,0.5,1.2
12/10/2025 20:00,6.3,56.0,25.1,4.8,1021.6,22.0,9.46111,0.5,1.2
12/10/2025 21:00,5.2,61.0,24.1,4.0,1021.7,23.0,8.31111,0.5,1.2
12/10/2025 22:00,5.3,61.0,24.1,5.6,1021.7,35.0,17.7778,0.5,1.2
12/10/2025 23:00,6.5,68.0,26.0,0.8,1022.0,27.0,20.0,0.5,1.2
12/11/2025 00:00,5.4,72.0,24.1,0.8,1022.0,15.0,5.45,0.5,1.2
12/11/2025 01:00,4.2,70.0,22.3,2.4,1021.8,10.0,5.92778,0.5,1.2
12/11/2025 02:00,3.0,72.0,21.3,2.4,1021.5,10.0,5.1,0.5,1.2
12/11/2025 03:00,2.8,69.0,17.6,5.6,1021.1,5.0,20.5556,0.5,1.2
12/11/2025 04:00,2.7,73.0,19.5,1.6,1020.4,5.0,22.7778,0.5,1.2
12/11/2025 05:00,3.5,76.0,21.3,2.4,1019.8,5.0,24.4444,0.5,1.2
12/11/2025 06:00,4.0,76.0,23.2,1.6,1020.4,10.0,3.51667,0.5,1.2
12/11/2025 07:00,4.0,79.0,25.1,1.6,1020.7,12.0,2.52778,0.5,1.2
12/11/2025 08:00,8.7,79.0,25.1,0.8,1021.1,15.0,27.2222,0.5,1.2
12/11/2025 09:00,11.9,78.0,29.7,1.6,1021.8,23.0,25.5556,0.5,1.2
12/11/2025 10:00,8.6,69.0,25.1,5.6,1022.2,37.0,20.5556,0.5,1.2
12/11/2025 11:00,8.6,69.0,16.7,12.1,1022.2,32.0,10.3222,0.5,1.0
12/11/2025 12:00,2.8,53.0,12.1,16.8,1021.3,26.0,12.3222,2.0,5.0
12/11/2025 13:00,2.8,48.0,13.0,18.4,1020.4,30.0,8.88889,1.5,5.0
12/11/2025 14:00,2.5,48.0,13.0,20.8,1019.9,26.0,6.66667,0.5,4.0
12/11/2025 15:00,2.4,42.0,14.9,20.0,1019.9,28.0,5.55556,0.7,4.0
12/11/2025 16:00,1.8,39.0,13.0,21.6,1020.1,21.0,3.88889,0.3,4.6
12/11/2025 17:00,1.9,36.0,13.9,3.2,1020.7,13.0,16.2222,0.2,3.5
12/11/2025 20:00,1.9,45.0,10.2,18.4,1021.4,10.0,7.22222,0.2,3.5
12/11/2025 21:00,7.5,48.0,26.9,2.4,1021.7,24.0,8.88889,0.2,3.5
12/11/2025 22:00,7.2,56.0,29.7,0.8,1021.9,28.0,7.5,0.2,3.5
12/11/2025 23:00,7.0,60.0,27.8,8.8,1022.4,25.0,5.53889,0.2,3.5
12/12/2025 00:00,5.7,62.0,26.0,0.8,1022.4,20.0,16.6667,0.2,3.5
12/12/2025 01:00,3.6,63.0,24.1,1.6,1022.5,18.0,17.2222,0.2,3.5
12/12/2025 02:00,2.3,67.0,23.2,0.8,1022.3,11.0,19.4444,0.2,3.5
12/12/2025 03:00,2.3,66.0,23.2,0.8,1022.3,8.0,18.8889,0.2,3.5
12/12/2025 04:00,1.8,66.0,22.3,1.6,1022.2,7.0,2.51111,0.2,3.5
12/12/2025 05:00,2.9,68.0,24.1,0.8,1022.1,10.0,2.75556,0.2,3.5
12/12/2025 06:00,4.5,74.0,25.1,0.8,1022.1,20.0,23.3333,0.2,3.5
12/12/2025 07:00,6.3,74.0,28.8,0.8,1022.4,17.0,23.3333,0.2,3.5
12/12/2025 08:00,9.5,74.0,28.8,0.8,1022.6,18.0,23.8889,0.2,3.5
12/12/2025 09:00,11.0,74.0,28.8,1.6,1023.5,34.0,2.22778,0.2,3.5
12/12/2025 10:00,11.0,74.0,28.8,6.4,1023.8,40.0,2.22778,0.2,3.5
12/12/2025 11:00,4.0,55.0,28.8,12.1,1023.2,36.0,12.7778,0.2,3.5
12/12/2025 12:00,3.8,49.0,28.8,14.5,1022.2,44.0,9.44444,1.5,3.0
12/12/2025 14:00,2.7,44.0,28.8,17.6,1020.3,51.0,14.0,1.0,4.5
12/12/2025 15:00,1.8,40.0,10.2,24.1,1020.0,34.0,14.65,2.0,4.0
12/12/2025 16:00,3.0,49.0,21.3,12.1,1020.2,46.0,13.8889,1.0,5.5
12/12/2025 18:00,6.4,54.0,30.6,0.8,1020.5,51.0,16.1111,0.5,3.5
12/12/2025 20:00,8.8,65.0,30.6,0.8,1021.1,54.0,6.41667,0.5,3.5
12/12/2025 21:00,8.8,65.0,30.6,0.8,1021.5,49.0,6.41667,0.5,3.5
12/12/2025 22:00,6.0,64.0,29.7,0.8,1021.7,35.0,15.5556,0.5,3.5
12/13/2025 00:00,5.4,62.0,28.8,0.8,1021.7,30.0,4.13333,0.5,3.5
12/13/2025 02:00,5.4,62.0,28.8,0.8,1021.7,24.0,4.13333,0.5,3.5
12/13/2025 03:00,1.9,71.0,26.0,0.8,1021.5,15.0,22.2222,0.5,3.5
12/13/2025 06:00,2.5,77.0,25.1,0.8,1022.1,23.0,25.0,0.5,3.5
12/13/2025 07:00,3.4,76.0,29.7,0.8,1022.7,18.0,24.4444,0.5,3.5
12/13/2025 08:00,4.5,77.0,29.7,0.8,1023.1,21.0,-0.661111,0.5,3.5
12/13/2025 09:00,6.9,74.0,29.7,2.4,1023.9,28.0,0.661111,0.5,3.5
12/13/2025 10:00,3.9,63.0,20.4,9.6,1024.5,30.0,17.2222,0.5,3.5
12/13/2025 11:00,2.8,52.0,14.9,16.0,1024.5,31.0,11.1111,0.5,3.5
12/13/2025 12:00,2.2,47.0,12.1,18.4,1023.9,33.0,8.33333,0.5,4.0
12/13/2025 13:00,2.0,42.0,11.2,20.8,1023.5,32.0,5.55556,0.5,2.6
12/13/2025 14:00,2.4,44.0,13.9,19.2,1023.3,45.0,12.1222,0.5,4.5
12/13/2025 15:00,2.4,42.0,15.8,18.4,1023.4,51.0,5.55556,0.5,2.5
12/13/2025 16:00,2.4,39.0,15.8,18.4,1023.5,53.0,3.88889,0.5,0.5
12/13/2025 17:00,2.9,38.0,20.4,14.5,1023.6,49.0,3.33333,0.5,0.2
12/13/2025 20:00,8.8,74.0,28.8,0.8,1024.5,64.0,4.71111,0.5,0.2
12/13/2025 21:00,9.4,77.0,27.8,0.8,1024.9,72.0,3.26111,0.5,0.2
12/13/2025 22:00,8.9,71.0,28.8,0.8,1024.7,62.0,2.34444,0.5,0.2
12/13/2025 23:00,8.0,68.0,28.8,0.8,1025.2,53.0,20.0,0.5,0.2
12/14/2025 00:00,6.7,68.0,28.8,0.8,1025.3,45.0,20.0,0.5,0.2
12/14/2025 02:00,6.7,68.0,28.8,0.8,1024.9,37.0,20.0,0.5,0.2
12/14/2025 03:00,4.0,74.0,27.8,0.8,1024.7,28.0,22.7778,0.5,0.2
12/14/2025 04:00,2.6,73.0,26.9,0.8,1024.4,22.0,22.7778,0.5,0.2
12/14/2025 06:00,2.3,72.0,26.9,0.8,1024.4,19.0,22.2222,0.5,0.2
12/14/2025 07:00,3.4,74.0,28.8,0.8,1024.5,23.0,24.4444,0.5,0.2
12/14/2025 09:00,6.2,75.0,31.5,1.6,1025.2,23.0,23.8889,0.5,1.0
12/14/2025 10:00,4.2,69.0,24.1,7.3,1026.0,41.0,20.5556,1.6,5.3
12/14/2025 11:00,3.0,62.0,18.6,12.1,1026.0,47.0,5.23889,2.0,5.5
12/14/2025 12:00,2.2,52.0,14.9,16.8,1025.8,50.0,11.1111,0.5,4.0
12/14/2025 13:00,2.5,49.0,17.6,17.6,1024.9,57.0,9.44444,1.5,7.5
12/14/2025 14:00,2.5,49.0,17.6,17.6,1024.7,59.0,10.0,2.5,5.5
12/14/2025 15:00,2.3,50.0,16.7,18.4,1024.7,60.0,9.44444,1.3,5.6
12/14/2025 18:00,3.6,69.0,26.9,4.0,1024.8,65.0,20.5556,0.5,2.2
12/14/2025 19:00,7.4,75.0,30.6,0.8,1025.1,67.0,26.1111,0.5,2.2
12/14/2025 21:00,8.3,81.0,30.6,0.8,1025.9,70.0,27.2222,0.5,2.2
12/14/2025 22:00,8.8,79.0,30.6,0.8,1027.2,66.0,1.76111,0.5,2.2
12/14/2025 23:00,8.4,84.0,29.7,0.8,1027.8,67.0,28.8889,0.5,2.2
12/15/2025 02:00,4.2,83.0,26.9,0.8,1027.3,45.0,-0.411111,0.5,2.2
12/15/2025 03:00,4.2,86.0,26.0,0.8,1027.2,53.0,-0.766667,0.5,2.2
12/15/2025 04:00,4.2,86.0,27.8,0.8,1026.9,55.0,-0.766667,0.5,2.2
12/15/2025 05:00,3.6,85.0,26.0,0.8,1027.5,43.0,-1.68889,0.5,2.2
12/15/2025 06:00,3.6,84.0,27.8,0.8,1028.5,52.0,-1.26667,0.5,2.2
12/15/2025 07:00,8.6,88.0,30.6,0.8,1028.6,62.0,-1.71111,0.5,2.2
12/15/2025 08:00,10.3,89.0,31.5,0.8,1028.8,63.0,-1.91667,0.5,2.2
12/15/2025 09:00,10.4,87.0,32.5,1.6,1028.7,66.0,-0.688889,0.5,2.2
12/15/2025 10:00,4.9,77.0,26.0,5.6,1029.0,68.0,3.17778,0.5,2.2
12/15/2025 11:00,2.5,64.0,19.5,11.2,1028.7,67.0,17.7778,1.0,3.6
12/15/2025 12:00,1.8,54.0,18.6,14.5,1027.8,67.0,8.31111,1.0,4.0
12/15/2025 13:00,2.9,62.0,26.9,10.4,1027.2,81.0,7.72222,0.5,5.5
12/15/2025 15:00,1.0,62.0,19.5,14.5,1025.9,75.0,7.72222,1.0,5.5
12/15/2025 16:00,1.2,56.0,22.3,12.1,1025.5,71.0,9.55,1.2,5.7
12/15/2025 18:00,3.4,65.0,32.5,1.6,1025.4,62.0,6.27222,0.5,2.0
12/15/2025 20:00,7.8,76.0,33.4,0.8,1025.9,70.0,24.4444,0.5,2.0
12/15/2025 21:00,8.7,80.0,32.5,0.8,1026.2,74.0,2.51667,0.5,2.0
12/15/2025 22:00,8.6,81.0,31.5,0.8,1025.9,76.0,1.8,0.5,2.0
12/15/2025 23:00,8.6,81.0,31.5,0.8,1026.7,67.0,1.78333,0.5,2.0
12/16/2025 00:00,7.0,80.0,32.5,0.8,1026.0,70.0,26.6667,0.5,2.0
12/16/2025 01:00,6.0,80.0,31.5,0.8,1024.7,69.0,26.6667,0.5,2.0
12/16/2025 02:00,4.3,82.0,32.5,0.8,1024.0,70.0,27.7778,0.5,2.0
12/16/2025 03:00,4.3,82.0,31.5,0.8,1024.0,66.0,1.67778,0.5,2.0
12/16/2025 04:00,3.7,82.0,30.6,0.8,1024.4,63.0,0.95,0.5,2.0
12/16/2025 05:00,3.2,75.0,31.5,0.8,1023.5,56.0,23.8889,0.5,2.0
12/16/2025 06:00,4.6,81.0,32.5,0.8,1023.3,59.0,27.2222,0.5,2.0
12/16/2025 07:00,5.9,79.0,32.5,0.8,1023.5,50.0,26.1111,0.5,2.0
12/16/2025 08:00,7.2,78.0,33.4,0.8,1024.1,51.0,0.566667,0.5,2.0
12/16/2025 09:00,7.8,71.0,32.5,0.8,1025.9,51.0,2.22222,0.5,2.0
12/16/2025 10:00,7.8,69.0,32.5,1.6,1026.0,59.0,3.71111,0.5,1.5
12/16/2025 12:00,1.5,69.0,22.3,1.6,1024.1,70.0,16.6667,0.5,0.5
12/16/2025 13:00,1.3,55.0,19.5,11.2,1022.7,65.0,8.26111,0.5,2.5
12/16/2025 15:00,0.9,41.0,24.1,9.6,1021.3,50.0,10.9,2.3,5.0
12/16/2025 16:00,0.3,37.0,21.3,11.2,1021.2,38.0,2.77778,2.5,0.3
12/16/2025 18:00,4.6,54.0,33.4,0.8,1020.6,58.0,8.3,2.5,0.3
12/16/2025 20:00,10.4,65.0,32.5,0.8,1020.2,63.0,18.3333,2.5,0.3
12/16/2025 21:00,8.4,63.0,32.5,0.8,1020.8,64.0,17.2222,2.5,0.3
12/16/2025 22:00,5.5,59.0,31.5,0.8,1020.5,48.0,4.81667,2.5,0.3
12/16/2025 23:00,6.6,65.0,29.7,0.8,1020.0,47.0,3.36111,2.5,0.3
12/17/2025 00:00,4.9,67.0,27.8,0.8,1018.8,38.0,2.73333,2.5,0.3
12/17/2025 01:00,3.7,67.0,27.8,0.8,1017.1,26.0,19.4444,2.5,0.3
12/17/2025 02:00,2.3,63.0,28.8,0.8,1015.8,30.0,17.2222,2.5,0.3
12/17/2025 03:00,1.3,63.0,28.8,0.8,1014.8,30.0,13.3333,2.5,0.3
12/17/2025 04:00,0.7,51.0,26.9,2.4,1013.3,28.0,6.16667,2.5,0.3
12/17/2025 05:00,1.3,50.0,26.0,0.8,1011.8,25.0,6.64444,2.5,0.3
12/17/2025 06:00,1.5,47.0,24.1,5.6,1011.2,21.0,7.61111,2.5,0.3
12/17/2025 07:00,1.4,44.0,21.3,8.8,1010.8,17.0,6.66667,2.5,0.3
12/17/2025 08:00,1.4,44.0,21.3,3.2,1010.0,16.0,7.22222,2.5,0.3
12/17/2025 09:00,2.4,41.0,23.2,10.4,1009.1,15.0,11.1222,2.5,0.3
