Timestamp,PM2.5 µg/m³,O₃ µg/m³,NO₂ µg/m³,SO₂ µg/m³,CO µg/m³
2025-10-01 17:00:00,4.3,60,13.7,2.1,229,0.0
2025-10-01 19:00:00,4.2,11,98,6,2.4,114.5
2025-10-01 20:00:00,4,11,98,6,2.4,114.5
2025-10-01 21:00:00,3.5,98,6,2.4,114.5,0.0
2025-10-01 22:00:00,3.4,98,6,2.4,114.5,0.0
2025-10-01 23:00:00,3.3,11,98,6,2.4,114.5
2025-10-02 00:00:00,3.3,20,84,16.4,1.6,114.5
2025-10-02 01:00:00,3.3,18,64,24.6,1.4,114.5
2025-10-02 02:00:00,3.3,18,64,24.6,1.4,114.5
2025-10-02 03:00:00,3.2,18,64,24.6,1.4,114.5
2025-10-02 04:00:00,3.2,18,64,24.6,1.4,114.5
2025-10-02 05:00:00,2.8,0.0,0.0,0.0,0.0,0.0
2025-10-02 06:00:00,2.9,14,73,17.1,1.3,114.5
2025-10-02 07:00:00,3.1,14,73,17.1,1.3,114.5
2025-10-02 08:00:00,3.1,114.5,0.0,0.0,0.0,0.0
2025-10-02 09:00:00,3.4,11,60,18.1,1.2,114.5
2025-10-02 10:00:00,3.6,16,58,20.1,1.7,114.5
2025-10-02 11:00:00,4.1,16,58,20.1,1.7,114.5
2025-10-02 12:00:00,4.3,16,58,20.1,1.7,114.5
2025-10-02 13:00:00,4.5,16,58,20.1,1.7,114.5
2025-10-02 14:00:00,4.6,24,65,16.5,1.4,114.5
2025-10-02 15:00:00,4.7,20,84,16.5,1.2,114.5
2025-10-02 16:00:00,4.8,20,84,16.5,1.2,114.5
2025-10-02 17:00:00,4.6,15,94,0.9,1.6,0.0
2025-10-02 19:00:00,4.7,12,94,3.5,1.4,0.0
2025-10-02 20:00:00,4.5,14,94,5,1.7,57.3
2025-10-02 21:00:00,4.2,14,94,5,1.7,57.3
2025-10-02 22:00:00,4.2,14,94,5,1.7,57.3
2025-10-02 23:00:00,4.1,17,74,13.8,1.8,57.3
2025-10-03 00:00:00,4.6,21,60,20.9,1.8,57.3
2025-10-03 01:00:00,4.3,21,60,20.9,1.8,57.3
2025-10-03 02:00:00,3.8,21,60,20.9,1.8,57.3
2025-10-03 03:00:00,3.7,21,60,20.9,1.8,171.8
2025-10-03 04:00:00,3.8,21,60,20.9,1.8,171.8
2025-10-03 05:00:00,3.8,13,46,9.1,1.3,114.5
2025-10-03 06:00:00,3.4,13,46,9,1.3,114.5
2025-10-03 07:00:00,3.5,13,46,9,1.3,114.5
2025-10-03 08:00:00,3.4,13,56,9.4,1.4,114.5
2025-10-03 09:00:00,3.4,11,56,9.4,1.4,114.5
2025-10-03 10:00:00,3.1,11,56,9.4,1.4,114.5
2025-10-03 11:00:00,3.3,11,56,9.4,1.4,114.5
2025-10-03 12:00:00,3.7,14,59,15,1.1,114.5
2025-10-03 13:00:00,3.9,14,59,15,1.1,114.5
2025-10-03 14:00:00,4.3,13,66,6.4,1.6,114.5
2025-10-03 15:00:00,4.4,18,60,4,1.4,171.8
2025-10-03 16:00:00,4.3,18,60,4,1.4,171.8
2025-10-03 17:00:00,3.8,18,60,4,1.4,114.5
2025-10-03 19:00:00,3.3,16,64,5.5,1.7,0
2025-10-03 20:00:00,3.5,20,64,6.2,2,57.3
2025-10-03 21:00:00,3.5,20,64,6.2,2,57.3
2025-10-03 22:00:00,3.3,57.3,0.0,0.0,0.0,0.0
2025-10-03 23:00:00,2.3,23,44,16.2,3.1,114.5
2025-10-04 00:00:00,2,23,44,16.2,3.1,114.5
2025-10-04 01:00:00,2.1,23,48,12.6,1.7,114.5
2025-10-04 02:00:00,1.8,23,48,12.6,1.7,114.5
2025-10-04 03:00:00,1.7,21,48,12.6,1.7,114.5
2025-10-04 04:00:00,1.4,17,64,3.8,2.1,114.5
2025-10-04 05:00:00,1.3,17,64,3.8,2.1,57.3
2025-10-04 06:00:00,1.1,17,68,1.2,1.6,57.3
2025-10-04 07:00:00,1.6,17,68,1.2,1.6,57.3
2025-10-04 08:00:00,1.2,17,58,6.5,1.1,114.5
2025-10-04 09:00:00,1.2,72,3,1.4,114.5,0.0
2025-10-04 10:00:00,1.5,72,3,1.4,114.5,0.0
2025-10-04 11:00:00,1.4,78,7.1,1.6,114.5,0.0
2025-10-04 12:00:00,1.2,78,7.1,1.6,114.5,0.0
2025-10-04 13:00:00,1.6,2,90,10.5,1.3,114.5
2025-10-04 14:00:00,1.2,2,90,10.5,1.3,114.5
2025-10-04 15:00:00,1,2,90,10.5,1.3,114.5
2025-10-04 16:00:00,1.2,2,86,5.5,1.3,114.5
2025-10-04 17:00:00,1.4,4,94,12.4,1.6,114.5
2025-10-04 19:00:00,1.6,4,94,12.4,1.6,114.5
2025-10-04 21:00:00,2.7,3,67,13.5,1.6,114.5
2025-10-04 22:00:00,3,3,67,13.5,1.6,114.5
2025-10-04 23:00:00,2.4,3,67,13.5,1.6,114.5
2025-10-05 00:00:00,3.2,3,67,13.5,1.6,114.5
2025-10-05 01:00:00,2.9,3,57,15.6,1.6,114.5
2025-10-05 02:00:00,2.7,3,57,15.6,1.6,114.5
2025-10-05 03:00:00,2.4,4,50,7.6,1.2,57.3
2025-10-05 04:00:00,2.7,4,50,7.6,1.2,57.3
2025-10-05 05:00:00,3.2,6,42,6.4,1.2,57.3
2025-10-05 06:00:00,3.6,6,48,12.9,1.6,114.5
2025-10-05 07:00:00,3.9,3,44,12.9,1.2,57.3
2025-10-05 08:00:00,3.5,4,44,12.9,1.2,57.3
2025-10-05 09:00:00,3.8,4,44,12.9,1.2,57.3
2025-10-05 10:00:00,4.5,4,44,12.9,1.2,57.3
2025-10-05 11:00:00,4.7,4,35,6.1,1.1,57.3
2025-10-05 12:00:00,5.5,4,35,6.1,1.1,57.3
2025-10-05 13:00:00,5.6,4,35,6.1,1.1,57.3
2025-10-05 14:00:00,5.5,4,35,6.1,1.1,57.3
2025-10-05 15:00:00,5.7,3,46,7.3,2.9,57.3
2025-10-05 16:00:00,5.4,10,69,2.6,1.7,57.3
2025-10-05 17:00:00,5.6,6,70,4.1,1.6,57.3
2025-10-05 19:00:00,4.8,6,74,3,1.4,57.3
2025-10-05 21:00:00,4.7,6,74,3,1.4,57.3
2025-10-05 22:00:00,3.9,6,74,3,1.4,0.0
2025-10-05 23:00:00,3.7,8,58,4,0.8,0.0
2025-10-06 00:00:00,3.8,8,58,4,0.8,0.0
2025-10-06 01:00:00,3.5,8,58,4,0.8,229
2025-10-06 02:00:00,3.7,8,58,4,0.8,229
2025-10-06 03:00:00,4,8,52,6.6,0.5,229
2025-10-06 04:00:00,4.1,8,52,6.6,0.5,229
2025-10-06 05:00:00,4.2,8,52,6.6,0.5,0.0
2025-10-06 06:00:00,4.3,8,16,24.4,1.4,114.5
2025-10-06 07:00:00,4,8,16,24.4,1.4,114.5
2025-10-06 08:00:00,4.5,8,16,24.4,1.4,114.5
2025-10-06 09:00:00,4.5,8,2,29.3,1.4,229
2025-10-06 10:00:00,5.4,8,2,29.3,1.4,229
2025-10-06 11:00:00,6,229,0.0,0.0,0.0,0.0
2025-10-06 12:00:00,6.6,229,0.0,0.0,0.0,0.0
2025-10-06 13:00:00,9,1.4,229,0.0,0.0,0.0
2025-10-06 14:00:00,9.1,1.4,343.5,0.0,0.0,0.0
2025-10-06 15:00:00,8,13,59,15,1.2,458
2025-10-06 16:00:00,7.2,13,59,15,1.2,0.0
2025-10-06 17:00:00,8.1,13,58,15,1.2,687
2025-10-06 19:00:00,6.8,11,80,5.6,1.2,0.0
2025-10-06 21:00:00,5.6,11,80,5.6,1.2,687
2025-10-06 21:00:00,5.5,11,80,5.6,1.2,0.0
2025-10-06 22:00:00,6,11,80,5.6,1.2,0.0
2025-10-06 23:00:00,6.2,12,78,5,1.3,0.0
2025-10-07 00:00:00,6,9,56,4.6,1,57.3
2025-10-07 01:00:00,5.3,9,56,4.6,1,57.3
2025-10-07 02:00:00,4.6,9,56,4.6,1,57.3
2025-10-07 03:00:00,4.4,9,56,7.9,1,114.5
2025-10-07 04:00:00,4.1,9,56,7.9,1,114.5
2025-10-07 05:00:00,4.1,9,68,18.1,1,114.5
2025-10-07 06:00:00,4.3,9,40,29.5,1,171.8
2025-10-07 07:00:00,4.4,9,40,29.5,1,171.8
2025-10-07 08:00:00,4.5,9,40,29.5,1,171.8
2025-10-07 09:00:00,4.8,8,36,25.8,1.2,171.8
2025-10-07 10:00:00,6,12,32,38.4,1.7,171.8
2025-10-07 11:00:00,7,12,32,38.4,1.7,171.8
2025-10-07 12:00:00,8,12,32,38.4,1.7,171.8
2025-10-07 13:00:00,10.1,18,49.8,6.6,343.5,0.0
2025-10-07 14:00:00,10,10,18,49.8,6.6,343.5
2025-10-07 15:00:00,9.3,22,65,18.3,2.5,343.5
2025-10-07 16:00:00,8.2,22,65,18.3,2.5,343.5
2025-10-07 17:00:00,8.3,22,65,18.3,2.5,114.5
2025-10-07 19:00:00,8.3,22,65,18.3,2.5,114.5
2025-10-07 21:00:00,7.2,0.0,0.0,0.0,0.0,0.0
2025-10-07 21:00:00,6.8,16,84,13.5,1.6,0.0
2025-10-07 22:00:00,6.6,16,84,13.5,1.6,0.0
2025-10-07 23:00:00,6.3,16,84,13.5,1.6,114.5
2025-10-08 00:00:00,6,16,84,13.5,1.6,0.0
2025-10-08 01:00:00,5,24,56,25.6,1.4,229
2025-10-08 02:00:00,5.1,24,56,25.6,1.4,229
2025-10-08 03:00:00,4.7,229,0.0,0.0,0.0,0.0
2025-10-08 04:00:00,4.2,229,0.0,0.0,0.0,0.0
2025-10-08 05:00:00,4,72,22.2,1.4,229,0.0
2025-10-08 06:00:00,4.4,72,22.2,1.4,229,0.0
2025-10-08 07:00:00,4.2,72,22.2,1.4,229,0.0
2025-10-08 08:00:00,4.2,9,36,38.4,1.6,229
2025-10-08 09:00:00,4.8,14,36,38.4,1.6,229
2025-10-08 10:00:00,6.1,14,36,38.4,1.6,229
2025-10-08 11:00:00,10.4,14,36,38.4,1.6,229
2025-10-08 12:00:00,11,14,36,38.4,1.6,229
2025-10-08 13:00:00,8.8,1.6,229,0.0,0.0,0.0
2025-10-08 14:00:00,9.6,26,32,41.4,3.3,229
2025-10-08 15:00:00,9,30,60,26.2,2.9,229
2025-10-08 16:00:00,7.2,30,60,26.2,2.9,229
2025-10-08 17:00:00,8,30,60,25.4,2.9,229
2025-10-08 19:00:00,8.7,30,60,25.4,2.9,114.5
2025-10-08 21:00:00,7.9,32,68,34.3,1.6,0.0
2025-10-08 22:00:00,5.2,32,68,34.3,1.6,0.0
2025-10-08 23:00:00,4.9,37,50,51.7,1.7,114.5
2025-10-09 00:00:00,4.6,30,40,35.8,1.7,0
2025-10-09 01:00:00,4,30,60,35.8,1.7,114.5
2025-10-09 02:00:00,4,30,60,35.8,1.7,114.5
2025-10-09 03:00:00,3.7,30,60,35.8,1.7,114.5
2025-10-09 04:00:00,3.3,30,55,17.7,0.8,114.5
2025-10-09 05:00:00,3.5,30,55,17.7,0.8,0.0
2025-10-09 06:00:00,3.5,50,13.7,1.4,0.0,0.0
2025-10-09 07:00:00,3.7,50,13.7,1.4,0.0,0.0
2025-10-09 08:00:00,3.4,50,13.7,1.4,0.0,0.0
2025-10-09 09:00:00,4,52,25.2,1.4,114.5,0.0
2025-10-09 10:00:00,4,52,25.2,1.4,114.5,0.0
2025-10-09 11:00:00,4.2,52,25.2,1.4,114.5,0.0
2025-10-09 12:00:00,4.6,52,25.2,1.4,114.5,0.0
2025-10-09 13:00:00,4.7,114.5,0.0,0.0,0.0,0.0
2025-10-09 14:00:00,4.7,27,56,8.1,1.1,114.5
2025-10-09 15:00:00,4.7,27,56,8.1,1.1,114.5
2025-10-09 16:00:00,4.8,27,56,8.1,1.1,114.5
2025-10-09 17:00:00,4.9,27,56,8.1,1.1,0.0
2025-10-09 19:00:00,4.4,13,74,1.9,1.4,0
2025-10-09 21:00:00,4.1,13,74,1.4,0.0,0.0
2025-10-09 22:00:00,3.4,0.0,0.0,0.0,0.0,0.0
2025-10-09 23:00:00,2.9,0.0,0.0,0.0,0.0,0.0
2025-10-10 00:00:00,2.7,22,56,21.2,0.8,0.0
2025-10-10 01:00:00,2.7,22,56,21.2,0.8,0.0
2025-10-10 02:00:00,2.4,0.0,0.0,0.0,0.0,0.0
2025-10-10 03:00:00,2,17,69,7.7,1.3,0.0
2025-10-10 04:00:00,1.7,7,60,7.5,1.4,0.0
2025-10-10 05:00:00,1.5,7,55,4,1.2,0.0
2025-10-10 06:00:00,1.4,7,55,4,1.2,0.0
2025-10-10 07:00:00,1.5,7,55,4,1.2,0.0
2025-10-10 08:00:00,1.3,7,55,4,1.2,0.0
2025-10-10 09:00:00,1.6,7,55,4,1.2,0.0
2025-10-10 10:00:00,1.9,5,52,4.9,0.9,0.0
2025-10-10 11:00:00,2.7,0.0,0.0,0.0,0.0,0.0
2025-10-10 12:00:00,2.7,0.0,0.0,0.0,0.0,0.0
2025-10-10 13:00:00,3,3,50,14.9,1.3,0.0
2025-10-10 14:00:00,3.4,0.0,0.0,0.0,0.0,0.0
2025-10-10 15:00:00,3.5,9,55,12.8,1.7,0.0
2025-10-10 16:00:00,3.4,9,55,12.8,1.7,0.0
2025-10-10 17:00:00,3.4,9,55,12.8,1.7,0.0
2025-10-10 19:00:00,3.9,8,74,6,1.6,0.0
2025-10-10 20:00:00,4,0.0,0.0,0.0,0.0,0.0
2025-10-10 21:00:00,3.8,0.0,0.0,0.0,0.0,0.0
2025-10-10 22:00:00,3.7,0.0,0.0,0.0,0.0,0.0
2025-10-10 23:00:00,3.6,0.0,0.0,0.0,0.0,0.0
2025-10-11 00:00:00,3.3,8,54,15.6,1.6,0.0
2025-10-11 01:00:00,3,8,54,15.6,1.6,0.0
2025-10-11 02:00:00,2.9,8,54,15.6,1.6,0.0
2025-10-11 03:00:00,2.8,8,54,15.6,1.6,0.0
2025-10-11 04:00:00,2.9,52,8.4,2.1,0.0,0.0
2025-10-11 05:00:00,2.4,2.1,0.0,0.0,0.0,0.0
2025-10-11 06:00:00,2,6,59,1.5,1.1,0.0
2025-10-11 07:00:00,2,6,59,1.5,1.1,114.5
2025-10-11 08:00:00,1.8,6,59,1.5,1.1,0.0
2025-10-11 09:00:00,1.9,2,60,1.5,1.8,0.0
2025-10-11 10:00:00,2.1,2,61,1.5,1.8,0.0
2025-10-11 11:00:00,2.4,2,62,7,1.7,0.0
2025-10-11 12:00:00,2.7,2,62,7,1.7,0.0
2025-10-11 13:00:00,2.7,4,65,4.1,1.7,0.0
2025-10-11 14:00:00,3.1,2,68,2.1,1.7,0.0
2025-10-11 15:00:00,3.1,2,68,2.1,1.7,0.0
2025-10-11 16:00:00,3.3,5,71,2.4,1.8,0.0
2025-10-11 17:00:00,3.4,7,68,3.6,2,0.0
2025-10-11 19:00:00,2.4,9,65,2.1,2.1,0.0
2025-10-11 21:00:00,1.7,31,67,3.2,1.7,0.0
2025-10-11 22:00:00,1.4,31,67,3.2,1.7,0.0
2025-10-11 23:00:00,1.3,8,74,0.9,1.1,0.0
2025-10-12 00:00:00,1.2,4,75,8.1,0.9,57.3
2025-10-12 01:00:00,2.3,4,75,8.1,0.9,57.3
2025-10-12 02:00:00,2.1,1,71,10,0.9,114.5
2025-10-12 03:00:00,3.8,1,57,16,1.1,114.5
2025-10-12 04:00:00,3.8,2,58,9.2,1.4,114.5
2025-10-12 05:00:00,2.4,5,54,8.5,1.3,114.5
2025-10-12 06:00:00,1.7,3,40,3.4,0.8,114.5
2025-10-12 07:00:00,1.7,3,40,3.4,0.8,114.5
2025-10-12 08:00:00,1.5,3,40,3.4,0.8,114.5
2025-10-12 09:00:00,1.4,3,40,3.4,0.8,114.5
2025-10-12 10:00:00,1.6,3,40,3.4,0.8,114.5
2025-10-12 11:00:00,2,4,44,7.5,1.6,114.5
2025-10-12 12:00:00,3.1,4,44,7.5,1.6,114.5
2025-10-12 13:00:00,3,4,44,7.5,1.6,114.5
2025-10-12 14:00:00,3.6,4,61,2.8,0.8,114.5
2025-10-12 15:00:00,3.8,61,2.3,1.6,114.5,0.0
2025-10-12 16:00:00,3.9,61,2.3,1.6,114.5,0.0
2025-10-12 17:00:00,3.8,61,2.3,1.6,114.5,0.0
2025-10-12 19:00:00,3.5,2,78,3.6,2.9,114.5
2025-10-12 21:00:00,2.7,78,3.6,2.9,0.0,0.0
2025-10-12 22:00:00,2.9,0.0,0.0,0.0,0.0,0.0
2025-10-12 23:00:00,3,6,61,19.1,1.8,171.8
2025-10-13 00:00:00,2.7,6,61,19.1,1.8,171.8
2025-10-13 01:00:00,2.7,13,46,30.8,1.1,171.8
2025-10-13 02:00:00,2.7,13,46,30.8,1.1,229
2025-10-13 03:00:00,2.5,13,22,30.8,1.8,229
2025-10-13 04:00:00,2.5,12,34,17.3,1.1,229
2025-10-13 05:00:00,2.6,7,14,24.6,2,114.5
2025-10-13 06:00:00,2.5,7,33,12.6,1.8,114.5
2025-10-13 07:00:00,2.3,7,33,12.6,1.8,114.5
2025-10-13 08:00:00,2.3,7,47,14.7,2,114.5
2025-10-13 09:00:00,2.4,7,47,14.7,2,114.5
2025-10-13 10:00:00,2.7,7,47,14.7,2,114.5
2025-10-13 11:00:00,3.2,17,52,17.7,2.1,57.3
2025-10-13 12:00:00,3.6,12,52,17.7,2.1,57.3
2025-10-13 13:00:00,4.1,12,48,19.8,2.2,57.3
2025-10-13 14:00:00,4.3,13,71,4.3,1.1,57.3
2025-10-13 15:00:00,4.4,13,71,4.3,1.1,57.3
2025-10-13 16:00:00,4.3,7,87,3.8,1.8,57.3
2025-10-13 17:00:00,4.2,8,87,3.8,1.8,57.3
2025-10-13 19:00:00,3.8,8,93,4.1,2,0
2025-10-13 21:00:00,3.7,17,70,8.3,1.1,0.0
2025-10-13 22:00:00,2.4,13,74,6.8,1.7,0.0
2025-10-13 23:00:00,2.1,11,64,8.3,1.7,0.0
2025-10-14 00:00:00,1.9,6,64,7.1,1.8,0.0
2025-10-14 01:00:00,1.7,6,64,7.1,1.8,0.0
2025-10-14 02:00:00,1.5,6,67,7.1,1.8,0.0
2025-10-14 03:00:00,1.5,6,65,8.5,1.3,0.0
2025-10-14 04:00:00,1.5,7,54,8.3,1.8,0.0
2025-10-14 05:00:00,1.4,7,54,8.3,1.8,0.0
2025-10-14 06:00:00,1.5,6,47,14.9,2,0.0
2025-10-14 07:00:00,1.6,6,47,14.9,2.9,0.0
2025-10-14 08:00:00,1.5,5,44,15.6,1.8,0.0
2025-10-14 09:00:00,1.9,6,33,32.5,1.8,0.0
2025-10-14 10:00:00,2,5,39,24.8,2.1,0.0
2025-10-14 11:00:00,2.4,5,39,24.8,2.1,0.0
2025-10-14 12:00:00,3.4,5,55,9.6,1.7,0.0
2025-10-14 13:00:00,3.7,9,67,7,1.8,114.5
2025-10-14 14:00:00,4,7,74,4.7,1.8,0.0
2025-10-14 15:00:00,4.1,7,74,4.7,1.8,0.0
2025-10-14 16:00:00,4,7,74,4.7,1.8,0.0
2025-10-14 17:00:00,4.2,7,86,3.2,1.4,0.0
2025-10-14 19:00:00,3.6,78,5.6,2.2,57.3,0.0
2025-10-14 21:00:00,2.7,67,11.3,2.4,114.5,0.0
2025-10-14 22:00:00,3.1,53,24.4,2.4,114.5,0.0
2025-10-14 23:00:00,2.9,53,24.4,2.4,114.5,0.0
2025-10-15 00:00:00,2.4,50,19.4,1.1,171.8,0.0
2025-10-15 01:00:00,2.4,50,19.4,1.1,171.8,0.0
2025-10-15 02:00:00,2.1,58,19.4,1.1,171.8,0.0
2025-10-15 03:00:00,2.2,58,13.7,2.1,57.3,0.0
2025-10-15 04:00:00,2.3,43,17.5,1.7,57.3,0.0
2025-10-15 05:00:00,1.9,41,13.2,1.7,57.3,0.0
2025-10-15 06:00:00,1.8,36,11.7,1.8,57.3,0.0
2025-10-15 07:00:00,2.1,36,11.7,1.8,57.3,0.0
2025-10-15 08:00:00,2.4,36,11.7,1.8,57.3,0.0
2025-10-15 09:00:00,2.3,36,11.7,1.8,57.3,0.0
2025-10-15 10:00:00,3.7,35,9.5,1.8,57.3,0.0
2025-10-15 11:00:00,4.9,35,9.5,1.8,57.3,0.0
2025-10-15 12:00:00,5.1,40,22.8,1.8,114.5,0.0
2025-10-15 13:00:00,3.3,40,22.8,1.8,114.5,0.0
2025-10-15 14:00:00,2.1,61,10.7,1.8,57.3,0.0
2025-10-15 15:00:00,2.8,74,1.5,1.6,114.5,0.0
2025-10-15 16:00:00,2.9,74,1.5,1.6,114.5,0.0
2025-10-15 17:00:00,2.7,83,4.9,1.7,114.5,0.0
2025-10-15 19:00:00,2,7,82,7.3,0.8,114.5
2025-10-15 21:00:00,1.8,7,83,7.3,1.4,114.5
2025-10-15 22:00:00,1.8,4,83,7.3,1.4,114.5
2025-10-15 23:00:00,2,4,88,9.6,2.4,114.5
2025-10-16 00:00:00,1.7,4,78,9.6,1.6,57.3
2025-10-16 01:00:00,1.7,4,72,9.6,1.6,57.3
2025-10-16 02:00:00,1.4,4,72,9.6,1.6,57.3
2025-10-16 03:00:00,1.2,3,75,4.7,1.8,57.3
2025-10-16 04:00:00,1.1,3,75,4.7,1.8,57.3
2025-10-16 05:00:00,1.1,1,72,3.8,1.4,57.3
2025-10-16 06:00:00,1.1,1,76,3.8,1.1,57.3
2025-10-16 07:00:00,1,0,82,4.7,0.8,57.3
2025-10-16 08:00:00,0.9,1,82,8.3,1.4,0.0
2025-10-16 09:00:00,1.5,1,82,8.3,1.4,0.0
2025-10-16 10:00:00,1.7,0,82,8.3,1.4,0.0
2025-10-16 11:00:00,1.4,1,82,8.3,1.4,0.0
2025-10-16 12:00:00,1.9,74,16.2,1.6,114.5,0.0
2025-10-16 13:00:00,2.3,0,74,16.2,1.6,114.5
2025-10-16 14:00:00,2.2,5,69,10.2,1.8,114.5
2025-10-16 15:00:00,2.1,7,74,7.7,1.4,57.3
2025-10-16 16:00:00,2.4,5,78,10,1.6,57.3
2025-10-16 17:00:00,3,4,79,9.2,1.6,114.5
2025-10-16 19:00:00,2.6,7,71,9.4,1.3,114.5
2025-10-16 21:00:00,2.4,12,71,9.4,1.3,114.5
2025-10-16 22:00:00,2.3,10,59,21.1,1.4,114.5
2025-10-16 23:00:00,2.2,9,59,16.5,1.6,114.5
2025-10-17 00:00:00,2.1,5,59,16.5,1.6,114.5
2025-10-17 01:00:00,2,5,59,16.5,1.6,114.5
2025-10-17 02:00:00,2,8,42,19,1.4,114.5
2025-10-17 03:00:00,2.1,8,42,19,1.4,114.5
2025-10-17 04:00:00,2.1,7,42,19,1.4,114.5
2025-10-17 05:00:00,2.1,4,32,17.9,1.3,114.5
2025-10-17 06:00:00,2.3,6,30,17.9,1.3,114.5
2025-10-17 07:00:00,2.7,6,32,17.9,1.3,114.5
2025-10-17 08:00:00,2.7,6,32,17.9,1.3,114.5
2025-10-17 09:00:00,3,6,19,33.8,1.6,114.5
2025-10-17 10:00:00,3.8,17,13,41.2,2.9,343.5
2025-10-17 11:00:00,4,13,22,34.4,2.6,343.5
2025-10-17 12:00:00,4.7,13,32,16.6,2,114.5
2025-10-17 13:00:00,4.1,13,32,16.6,2,114.5
2025-10-17 14:00:00,4.6,10,50,12.3,2.4,114.5
2025-10-17 15:00:00,5.4,13,55,8.5,1.6,114.5

2025-10-17 16:00:00,5.4,13,55,8.5,1.6,114.5
2025-10-17 17:00:00,3.5,35,74,2.4,1.7,114.5
2025-10-17 19:00:00,4.7,19,74,2.4,1.7,0.0
2025-10-17 20:00:00,3.9,19,75,4,1.8,114.5
2025-10-17 21:00:00,3.7,19,75,4,1.8,0.0
2025-10-17 22:00:00,3.6,19,75,4,1.8,0.0
2025-10-17 23:00:00,4,20,61,26.2,1.7,114.5
2025-10-18 00:00:00,3.7,14,59,29.8,1.7,171.8
2025-10-18 01:00:00,3.2,16,52,14.2,1.1,114.5
2025-10-18 02:00:00,3.4,11,43,20.7,1.7,114.5
2025-10-18 03:00:00,3,11,43,17.3,1.6,114.5
2025-10-18 04:00:00,3.1,11,43,17.3,1.6,114.5
2025-10-18 05:00:00,2.8,9,56,13.7,1.6,57.3
2025-10-18 06:00:00,3.2,6,56,13.7,1.6,57.3
2025-10-18 07:00:00,2.6,7,42,12.2,1.6,57.3
2025-10-18 08:00:00,2.5,7,37,13.2,1.3,114.5
2025-10-18 09:00:00,2.9,7,37,13.2,1.3,114.5
2025-10-18 10:00:00,4,7,37,13.2,1.3,114.5
2025-10-18 11:00:00,4,9,40,25.9,2,114.5
2025-10-18 12:00:00,4.1,8,44,17.7,1.8,171.8
2025-10-18 13:00:00,3.7,8,44,17.7,1.8,171.8
2025-10-18 14:00:00,4.3,8,44,17.7,1.8,171.8
2025-10-18 15:00:00,4.2,8,44,17.7,1.8,171.8
2025-10-18 16:00:00,2,8,44,17.7,1.8,171.8
2025-10-18 17:00:00,3.4,6,0.8,1.3,171.8,0.0
2025-10-18 19:00:00,3.8,7,86,5.3,1.3,0.0
2025-10-18 21:00:00,3.6,20,63,17.3,2.1,114.5
2025-10-18 22:00:00,4.3,20,63,17.3,2.1,114.5
2025-10-18 23:00:00,4.1,21,63,17.3,2.1,114.5
2025-10-19 00:00:00,4.1,21,44,34.4,1.6,229
2025-10-19 01:00:00,3,21,44,34.4,1.6,229
2025-10-19 02:00:00,3.9,20,32,32.3,1.6,229
2025-10-19 03:00:00,3,17,32,30.3,1.6,286.3
2025-10-19 04:00:00,3.3,17,31,30.3,1.6,286.3
2025-10-19 05:00:00,2,16,30,31,1.6,229
2025-10-19 06:00:00,3.3,11,33,16,1.4,114.5
2025-10-19 07:00:00,3.1,9,30,1.9,0.8,114.5
2025-10-19 08:00:00,2.1,9,30,1.9,0.8,114.5
2025-10-19 09:00:00,2,9,30,1.9,0.8,114.5
2025-10-19 10:00:00,2,10,20,41,1.8,114.5
2025-10-19 11:00:00,3.5,10,20,41,1.8,114.5
2025-10-19 12:00:00,4.4,5,53,7.2,1.8,114.5
2025-10-19 13:00:00,4.3,10,57,6.2,1.6,114.5
2025-10-19 14:00:00,4.8,6,70,6.2,0.8,114.5
2025-10-19 15:00:00,4,6,70,6.2,0.8,114.5
2025-10-19 16:00:00,4.1,14,77,1.9,1.6,114.5
2025-10-19 17:00:00,4.8,14,77,1.9,1.6,114.5
2025-10-19 19:00:00,4.1,10,83,3.2,1.1,114.5
2025-10-19 21:00:00,2.8,12,83,4,2,0.0
2025-10-19 22:00:00,2.5,12,72,15.6,2,0.0
2025-10-19 23:00:00,2.3,22,67,6,2.4,0.0
2025-10-20 00:00:00,2,22,67,6,2.4,0.0
2025-10-20 01:00:00,2,22,67,6,2.4,0.0
2025-10-20 02:00:00,2,22,67,6,2.4,0.0
2025-10-20 03:00:00,2,22,67,6,2.4,0.0
2025-10-20 04:00:00,2,22,67,6,2.4,0.0
2025-10-20 05:00:00,2,22,67,6,2.4,0.0
2025-10-20 06:00:00,1.7,4,42,15.2,1.3,0.0
2025-10-20 07:00:00,2,2,29,17.7,0.8,114.5
2025-10-20 08:00:00,3.4,2,29,17.7,0.8,114.5
2025-10-20 09:00:00,2.1,8,26,36.1,1.1,114.5
2025-10-20 10:00:00,2.8,8,26,36.1,1.1,171.8
2025-10-20 11:00:00,4.8,10,25,36.9,2.2,572.5
2025-10-20 12:00:00,2.8,12,29,35.3,2.4,572.5
2025-10-20 13:00:00,2.5,9,48,3.2,1.2,0
2025-10-20 14:00:00,2.8,7,48,4.9,1.2,0
2025-10-20 15:00:00,3.4,9,68,1.8,1.6,114.5
2025-10-20 16:00:00,3.5,10,72,1.6,1.6,114.5
2025-10-20 17:00:00,0,10,72,1.6,1.6,114.5
2025-10-20 19:00:00,1.5,12,70,5.3,1.6,0.0
2025-10-20 21:00:00,2.9,12,70,5.3,1.6,0.0
2025-10-20 21:00:00,2.7,12,70,5.3,1.6,0.0
2025-10-20 22:00:00,2.9,12,70,5.3,1.6,0.0
2025-10-20 23:00:00,2.6,12,61,16.7,1.2,0.0
2025-10-21 00:00:00,3,9,60,21.2,1.8,229
2025-10-21 01:00:00,3,9,60,21.2,1.8,229
2025-10-21 02:00:00,3.1,9,46,21.2,1.8,229
2025-10-21 03:00:00,3.1,6,37,9.2,1,229
2025-10-21 04:00:00,3,6,37,9.2,1,229
2025-10-21 05:00:00,3.1,6,37,9.2,1,229
2025-10-21 06:00:00,3.3,9,35,30.8,2.4,114.5
2025-10-21 07:00:00,3,9,35,31.2,1.4,114.5
2025-10-21 08:00:00,3.1,9,35,31.2,1.4,114.5
2025-10-21 09:00:00,2.8,9,35,31.2,1.4,114.5
2025-10-21 10:00:00,4,9,35,31.2,1.4,114.5
2025-10-21 11:00:00,4,14,28,18.9,3.7,114.5
2025-10-21 12:00:00,4.3,11,31,17,3.4,114.5
2025-10-21 13:00:00,5.5,19,36,20.4,2.4,229
2025-10-21 14:00:00,5.8,17,45,30.9,5.5,229
2025-10-21 15:00:00,6.1,21,45,34.4,3.5,229
2025-10-21 16:00:00,7,21,62,22,2.6,114.5
2025-10-21 17:00:00,6,21,62,22,2.6,114.5
2025-10-21 19:00:00,5.1,21,62,22,2.6,114.5
2025-10-21 21:00:00,3,17,69,17.3,1.8,114.5
2025-10-21 22:00:00,4,17,69,17.3,1.8,114.5
2025-10-21 23:00:00,4.5,21,65,23.1,1.3,114.5
2025-10-22 00:00:00,4.1,22,65,23.1,1.3,114.5
2025-10-22 01:00:00,4,22,65,23.1,1.3,114.5
2025-10-22 02:00:00,4.1,22,114.5,0.0,0.0,0.0
2025-10-22 03:00:00,3.8,22,114.5,0.0,0.0,0.0
2025-10-22 04:00:00,2.4,17,45.1,1.6,343.5,0.0
2025-10-22 05:00:00,3.1,13,24,42.1,1.3,343.5
2025-10-22 06:00:00,3.4,9,18,42.1,1.3,343.5
2025-10-22 07:00:00,3.3,9,9,33.5,1.7,343.5
2025-10-22 08:00:00,3.2,9,4,47.4,1.7,343.5
2025-10-22 09:00:00,4,9,4,47.4,1.7,343.5
2025-10-22 10:00:00,5.2,24,4,47.4,1.7,343.5
2025-10-22 11:00:00,7,27,3,24.5,1.6,229
2025-10-22 12:00:00,7.6,24,18,58.3,3.8,229
2025-10-22 13:00:00,8,24,33,35.3,5.8,229
2025-10-22 14:00:00,10.4,24,33,35.3,5.8,229
2025-10-22 15:00:00,13,47,33,35.3,5.8,229
2025-10-22 16:00:00,13.5,47,42,30.6,1.6,229
2025-10-22 17:00:00,11.5,42,61,32.7,4.1,229
2025-10-22 19:00:00,10.2,32,62,30.3,2.8,229
2025-10-22 20:00:00,9.8,32,62,30.3,2.8,114.5
2025-10-22 21:00:00,9.9,32,62,30.3,2.8,114.5
2025-10-22 22:00:00,10,32,62,30.3,2.8,0.0
2025-10-22 23:00:00,8.3,33,60,25.8,2.5,57.3
2025-10-23 00:00:00,8,32,60,43.8,3.9,229
2025-10-23 01:00:00,7.4,28,29,42.5,3.7,229
2025-10-23 02:00:00,6.6,28,29,42.5,3.7,229
2025-10-23 03:00:00,7.9,26,29,42.5,3.7,229
2025-10-23 04:00:00,7.1,29,16,62,3.4,229
2025-10-23 05:00:00,5.7,29,16,62,3.4,286.3
2025-10-23 06:00:00,5.8,22,10,62,3.4,286.3
2025-10-23 07:00:00,5.5,19,3,51.7,2.1,229
2025-10-23 08:00:00,5.7,19,6,57,4.2,572.5
2025-10-23 09:00:00,5.8,22,6,57,4.2,572.5
2025-10-23 10:00:00,7,24,11,31.8,4.7,801.5
2025-10-23 11:00:00,7.5,24,11,31.8,4.7,801.5
2025-10-23 12:00:00,10,29,11,31.8,4.7,801.5
2025-10-23 13:00:00,11,29,11,51.7,3.7,801.5
2025-10-23 14:00:00,10.6,29,11,51.7,3.7,801.5
2025-10-23 15:00:00,9.5,29,26,35.6,4.7,458
2025-10-23 16:00:00,8.6,24,64,12.2,2.6,114.5
2025-10-23 17:00:00,6,24,64,12.2,2.6,114.5
2025-10-23 19:00:00,4.2,15,68,7.1,2.1,114.5
2025-10-23 20:00:00,3.3,16,68,7.1,1.7,171.8
2025-10-23 21:00:00,3.3,27,68,7.1,1.7,171.8
2025-10-23 22:00:00,3.4,27,49,18.1,1.7,114.5
2025-10-23 23:00:00,3,27,49,18.1,1.7,114.5
2025-10-24 00:00:00,3.1,27,49,18.1,1.7,114.5
2025-10-24 01:00:00,2,12,56,27.8,1.7,229
2025-10-24 02:00:00,3.1,12,56,27.8,1.7,229
2025-10-24 03:00:00,3,9,46,14.5,2,229
2025-10-24 04:00:00,3.1,9,46,14.5,2,229
2025-10-24 05:00:00,2.9,9,46,14.5,2,400.8
2025-10-24 06:00:00,3,9,36,27.1,1.6,229
2025-10-24 07:00:00,3.1,9,36,27.1,1.6,229
2025-10-24 08:00:00,3.8,9,36,27.1,1.6,229
2025-10-24 09:00:00,4,9,229,0.0,0.0,0.0
2025-10-24 10:00:00,4.3,23,2,2.4,2,458
2025-10-24 11:00:00,5.2,24,12,19,2.6,343.5
2025-10-24 12:00:00,5.3,20,14,16.3,2.9,343.5
2025-10-24 13:00:00,6,14,34,22.9,2.9,458
2025-10-24 14:00:00,6.3,14,64,12.4,2.9,343.5
2025-10-24 15:00:00,7.5,20,49,12.4,2.9,343.5
2025-10-24 16:00:00,8.8,19,65,15.5,3.1,114.5
2025-10-24 17:00:00,9,19,65,15.5,3.1,114.5
2025-10-24 19:00:00,7.3,18,75,11.8,2.1,114.5
2025-10-24 20:00:00,5.5,22,66,18.7,2.9,114.5
2025-10-24 21:00:00,5.4,22,66,18.7,2.9,114.5
2025-10-24 22:00:00,5.9,22,66,18.7,2.9,114.5
2025-10-24 23:00:00,5,30,43,36.5,2,572.5
2025-10-25 00:00:00,5.2,25,54,63.9,2.6,572.5
2025-10-25 01:00:00,5.4,25,54,63.9,2.6,572.5
2025-10-25 02:00:00,4.7,27,31,63.9,2.6,572.5
2025-10-25 03:00:00,4.6,23,18,51,1.7,629.8
2025-10-25 04:00:00,4.9,23,18,51,1.7,629.8
2025-10-25 05:00:00,5,23,629.8,0.0,0.0,0.0
2025-10-25 06:00:00,4,20,5,48.6,2,458
2025-10-25 07:00:00,3.9,14,11,0.8,2,458
2025-10-25 08:00:00,3.8,14,11,0.8,2,458
2025-10-25 09:00:00,4.4,14,13,43.4,1.4,229
2025-10-25 10:00:00,4,14,13,43.4,1.4,229
2025-10-25 11:00:00,4,16,28,19.6,2.9,286.3
2025-10-25 12:00:00,4.9,16,36,29.1,2.2,458
2025-10-25 13:00:00,4.6,16,36,29.1,2.2,458
2025-10-25 14:00:00,4,17,52,10.3,1.7,229
2025-10-25 15:00:00,4.2,17,72,5.4,2.6,229
2025-10-25 16:00:00,4,23,59,5.4,2.6,114.5
2025-10-25 17:00:00,1,23,76,2.8,0.5,114.5
2025-10-25 19:00:00,4.1,13,70,6,2.1,114.5
2025-10-25 21:00:00,4.4,13,70,6,2.1,114.5
2025-10-25 22:00:00,4.2,13,71,6,1.3,114.5
2025-10-25 23:00:00,4,13,71,6,1.3,114.5
2025-10-26 00:00:00,4.1,13,75,3.4,2.9,114.5
2025-10-26 01:00:00,3.9,13,74,4.3,1.7,114.5
2025-10-26 02:00:00,4,13,74,4.3,1.7,114.5
2025-10-26 03:00:00,3.8,14,77,3.7,1.4,114.5
2025-10-26 04:00:00,3.8,12,77,3.7,1.4,114.5
2025-10-26 05:00:00,3.5,19,75,4.2,3.4,114.5
2025-10-26 06:00:00,3.6,19,75,4.2,3.4,229
2025-10-26 07:00:00,4,19,75,4.2,3.4,229
2025-10-26 08:00:00,5.8,24,60,7.3,2.1,229
2025-10-26 09:00:00,5.5,24,60,7.3,2.1,229
2025-10-26 10:00:00,3,24,60,7.3,2.1,229
2025-10-26 11:00:00,3.9,33,62,9,2,458
2025-10-26 12:00:00,3,29,62,9,2,458
2025-10-26 13:00:00,3,29,62,9,2,458
2025-10-26 14:00:00,3.8,29,458,0.0,0.0,0.0
2025-10-26 15:00:00,3,19,61,8.5,2,343.5
2025-10-26 16:00:00,2.7,19,61,8.5,1.8,229
2025-10-26 17:00:00,2.2,18,61,8.5,1.8,229
2025-10-26 19:00:00,3.2,17,68,6.4,1.4,171.8
2025-10-26 21:00:00,2.6,13,66,12,1.7,171.8
2025-10-26 22:00:00,3.1,13,66,12,1.7,171.8
2025-10-26 23:00:00,3.5,12,67,13,1.6,229
2025-10-27 00:00:00,4.5,10,54,19.6,2.6,229
2025-10-27 01:00:00,3.4,10,53,22.6,1.7,458
2025-10-27 02:00:00,2.1,10,53,22.6,1.7,343.5
2025-10-27 03:00:00,3.4,6,53,22.6,1.7,343.5
2025-10-27 04:00:00,3.4,6,49,22.6,1.7,343.5
2025-10-27 05:00:00,3.4,6,49,343.5,0.0,0.0
2025-10-27 06:00:00,1.7,5,49,38.7,2.6,114.5
2025-10-27 07:00:00,1.6,5,49,38.7,2.6,114.5
2025-10-27 08:00:00,2.9,5,24,38.7,2.6,114.5
2025-10-27 09:00:00,1.3,2,24,38.7,2.6,114.5
2025-10-27 10:00:00,1.5,4,20,38.7,2.6,114.5
2025-10-27 11:00:00,3.4,2,39,2.4,114.5,0.0
2025-10-27 12:00:00,1.5,7,41,8.1,2.6,114.5
2025-10-27 13:00:00,1.6,7,47,13.7,1.6,0.0
2025-10-27 14:00:00,0.9,2,64,17.1,1.4,343.5
2025-10-27 15:00:00,2.9,2,64,17.1,1.4,343.5
2025-10-27 16:00:00,3.3,4,68,2.8,2.1,114.5
2025-10-27 17:00:00,3.9,6,80,2.3,1.8,114.5
2025-10-27 19:00:00,3.6,7,80,2.3,1,114.5
2025-10-27 21:00:00,2.8,7,70,3.5,0.9,171.8
2025-10-27 22:00:00,2.9,12,60,13.5,1,286.3
2025-10-27 23:00:00,1,12,60,13.5,1,286.3
2025-10-28 00:00:00,2,7,60,13.5,1,286.3
2025-10-28 01:00:00,1,7,31,39,1.4,343.5
2025-10-28 02:00:00,1.1,7,31,39,1.4,343.5
2025-10-28 03:00:00,0,7,18,46.1,2.1,343.5
2025-10-28 04:00:00,0.5,4,21,24.3,2.1,343.5
2025-10-28 05:00:00,0,1,21,24.3,2.1,343.5
2025-10-28 06:00:00,0,7,22,20.1,1.6,229
2025-10-28 07:00:00,1,7,14,24.1,1.8,286.3
2025-10-28 08:00:00,2,7,11,42.1,1.8,458
2025-10-28 09:00:00,1.9,7,11,0.8,1.8,458
2025-10-28 10:00:00,2.9,7,11,0.8,1.8,458
2025-10-28 11:00:00,3.6,10,17,22.6,3.7,458
2025-10-28 12:00:00,4.6,9,16,30.6,9.7,458
2025-10-28 13:00:00,4.7,9,25,27.1,5.2,458
2025-10-28 14:00:00,4.7,9,25,27.1,5.2,458
2025-10-28 15:00:00,4.7,12,25,27.1,5.2,458
2025-10-28 16:00:00,5,12,25,27.1,5.2,458
2025-10-28 17:00:00,4,12,62,17,1.6,114.5
2025-10-28 19:00:00,3.9,9,71,12.6,1.3,114.5
2025-10-28 21:00:00,2,14,68,16.4,1.6,229
2025-10-28 22:00:00,3.9,14,68,16.4,1.6,229
2025-10-28 23:00:00,3.9,13,47,39.1,1.6,343.5
2025-10-29 00:00:00,3.9,14,47,39.1,1.6,343.5
2025-10-29 01:00:00,3.9,13,47,47,1,343.5
2025-10-29 02:00:00,3.3,13,30,49.2,0.8,343.5
2025-10-29 03:00:00,3.3,10,26,41.9,1,343.5
2025-10-29 04:00:00,3.6,10,26,41.9,1,343.5
2025-10-29 05:00:00,2.9,4,6,31.3,2.6,458
2025-10-29 06:00:00,3.9,4,6,31.3,2.6,458
2025-10-29 07:00:00,4,4,6,52.8,1.4,343.5
2025-10-29 08:00:00,4,16,6,52.8,1.4,343.5
2025-10-29 09:00:00,4.3,17,10,33.8,5,1030.5
2025-10-29 10:00:00,5,22,7,34.8,6,1259.5
2025-10-29 11:00:00,8.1,22,7,34.8,6,1259.5
2025-10-29 12:00:00,7.5,29,17,59.2,4.3,687
2025-10-29 13:00:00,6.7,22,25,57.7,10,458
2025-10-29 14:00:00,8,28,25,57.7,10,458
2025-10-29 15:00:00,8,31,42,43.3,1.8,229
2025-10-29 16:00:00,9.7,31,42,43.3,1.8,229
2025-10-29 17:00:00,8,24,53,21.6,3.1,229
2025-10-29 19:00:00,9.9,24,53,21.6,3.1,229
2025-10-29 21:00:00,9.5,29,58,20.5,1.8,171.8
2025-10-29 22:00:00,6.8,29,56,23.2,2.1,229
2025-10-29 23:00:00,5.9,29,56,23.2,2.1,229
2025-10-30 00:00:00,5.4,33,20,57.3,1.4,458
2025-10-30 01:00:00,4.3,33,20,57.3,1.4,458
2025-10-30 02:00:00,4.1,33,20,57.3,1.4,458
2025-10-30 03:00:00,3.9,33,20,48.3,1.8,114.5
2025-10-30 04:00:00,3.4,33,20,48.3,1.8,114.5
2025-10-30 05:00:00,4.2,4,26.5,3.9,801.5,0.0
2025-10-30 06:00:00,4,4,26.5,3.9,801.5,0.0
2025-10-30 07:00:00,3.9,4,26.5,3.9,801.5,0.0
2025-10-30 08:00:00,4.5,4,26.5,3.9,801.5,0.0
2025-10-30 09:00:00,4,12,52.5,2.4,458,0.0
2025-10-30 10:00:00,5,23,11,33,5,916
2025-10-30 11:00:00,6.8,27,16,27.8,3.9,687
2025-10-30 12:00:00,10.4,22,24,47.9,3.4,687
2025-10-30 13:00:00,11,22,24,47.9,3.4,687
2025-10-30 14:00:00,11.8,18,47,13.9,2.9,687
2025-10-30 15:00:00,13.5,18,47,13.9,2.9,687
2025-10-30 16:00:00,12.4,18,47,18,2.9,687
2025-10-30 17:00:00,11.2,21,72,19.5,2.6,229
2025-10-30 19:00:00,8,21,72,19.5,2.6,229
2025-10-30 21:00:00,7.2,21,72,23,2.6,229
2025-10-30 22:00:00,6.1,36,44,27.2,3.1,229
2025-10-30 23:00:00,5.3,31,37,36.1,2.6,687
2025-10-31 00:00:00,4.8,31,37,53.2,1.8,687
2025-10-31 01:00:00,4.1,22,22,32.4,3.7,801.5
2025-10-31 02:00:00,4.8,22,17,32.4,3.7,801.5
2025-10-31 03:00:00,3.9,22,17,32.4,3.7,801.5
2025-10-31 04:00:00,3.9,22,17,32.4,3.7,801.5
2025-10-31 05:00:00,5,16,6,45.5,2.4,572.5
2025-10-31 06:00:00,4.2,16,5,30.1,2.9,458
2025-10-31 07:00:00,5.2,12,7,26.5,3.1,458
2025-10-31 08:00:00,6,12,6,47.8,2,400.8
2025-10-31 09:00:00,5.8,21,8,33.9,4.2,687
2025-10-31 10:00:00,6.2,25,12,29.1,3.7,687
2025-10-31 11:00:00,7.2,25,12,29.1,3.7,687
2025-10-31 12:00:00,9.7,25,18,55.1,3.1,687
2025-10-31 13:00:00,13.5,19,36,31.3,3.9,400.8
2025-10-31 14:00:00,11.8,19,36,31.3,3.9,400.8
2025-10-31 15:00:00,10,19,38,32.3,5,458
2025-10-31 16:00:00,5.5,19,59,16.5,3.1,458
2025-10-31 17:00:00,2,66,4.7,2.9,458,0.0
2025-10-31 19:00:00,4.5,73,7.3,2.2,0.0,0.0
2025-10-31 21:00:00,1,62,24.6,2.4,0.0,0.0
2025-10-31 22:00:00,3,62,24.6,2.4,0.0,0.0
2025-10-31 23:00:00,1,46,20.2,2.6,458,0.0
2025-11-01 00:00:00,3.2,34,51.5,1.6,572.5,0.0
2025-11-01 01:00:00,2.8,25,30.2,2.6,687,0.0
2025-11-01 02:00:00,3.3,23,30.2,2.6,687,0.0
2025-11-01 03:00:00,2.7,12,24.2,2.4,458,0.0
2025-11-01 04:00:00,3.2,11,28,2.6,572.5,0.0
2025-11-01 05:00:00,2.3,16,28.1,2.9,572.5,0.0
2025-11-01 06:00:00,2.9,14,28.1,2.9,458,0.0
2025-11-01 07:00:00,3,14,28.1,2.9,458,0.0
2025-11-01 08:00:00,2.7,12,22.3,1.7,343.5,0.0
2025-11-01 09:00:00,2.7,13,51.1,1.4,343.5,0.0
2025-11-01 10:00:00,3.1,13,51.1,1.4,343.5,0.0
2025-11-01 11:00:00,3,13,51.1,1.4,343.5,0.0
2025-11-01 12:00:00,4.9,22,21.8,2.6,343.5,0.0
2025-11-01 13:00:00,4.9,28,21.8,1.8,343.5,0.0
2025-11-01 14:00:00,5.1,49,17.9,1.8,286.3,0.0
2025-11-01 15:00:00,3,58,12.3,2.4,229,0.0
2025-11-01 16:00:00,4.7,68,12.3,1.7,229,0.0
2025-11-01 17:00:00,3,72,13,2.6,229,0.0
2025-11-01 19:00:00,4.5,77,13,1.7,171.8,0.0
2025-11-01 21:00:00,3.5,72,13.9,2,229,0.0
2025-11-01 22:00:00,4.1,72,13.9,2,229,0.0
2025-11-01 23:00:00,4,38,28.4,2.9,572.5,0.0
2025-11-02 00:00:00,3.9,31,30.3,2.6,687,0.0
2025-11-02 01:00:00,3.4,31,30.3,2.6,687,0.0
2025-11-02 01:00:00,1,31,57,1.8,687,0.0
2025-11-02 02:00:00,3,8,1.9,2.1,687,0.0
2025-11-02 03:00:00,3.2,8,30.6,4.5,1145,0.0
2025-11-02 04:00:00,1,8,30.6,4.5,1145,0.0
2025-11-02 05:00:00,3.1,6,29.6,3.7,801.5,0.0
2025-11-02 06:00:00,3.3,6,44.2,1.8,572.5,0.0
2025-11-02 07:00:00,2.8,6,30.7,1.6,458,0.0
2025-11-02 08:00:00,2.5,6,30.7,1.6,458,0.0
2025-11-02 09:00:00,3.4,14,52.3,2.5,400.8,0.0
2025-11-02 10:00:00,2,20,53.2,3.8,458,0.0
2025-11-02 11:00:00,5.3,19,53.2,3.8,458,0.0
2025-11-02 12:00:00,5.7,29,43.4,4.2,458,0.0
2025-11-02 13:00:00,6,29,43.4,4.2,458,0.0
2025-11-02 14:00:00,5.2,58,17.9,1.3,343.5,0.0
2025-11-02 15:00:00,3.5,58,17.9,1.3,343.5,0.0
2025-11-02 16:00:00,5.3,11,76,9.2,3.1,229
2025-11-02 18:00:00,5.6,15,76,15.6,3.1,229
2025-11-02 20:00:00,5.6,26,75,14.5,2.9,114.5
2025-11-02 21:00:00,4.3,26,67,14.5,2.6,343.5
2025-11-02 22:00:00,3.8,33,46,14.5,2.6,343.5
2025-11-02 23:00:00,3.5,28,46,57.7,1.8,687
2025-11-03 00:00:00,3.6,22,46,57.7,1.8,687
2025-11-03 01:00:00,3.8,22,46,53,2.1,687
2025-11-03 02:00:00,4.1,22,46,26.3,0.5,458
2025-11-03 03:00:00,3.6,12,33.1,3.4,572.5,0.0
2025-11-03 04:00:00,4,12,2,33.1,3.4,572.5
2025-11-03 05:00:00,3.4,8,2,40.8,1.7,458
2025-11-03 06:00:00,3.6,8,2,40.8,1.7,458
2025-11-03 07:00:00,4,9,10,30.8,3.7,458
2025-11-03 08:00:00,4.1,9,10,30.8,3.7,458
2025-11-03 09:00:00,4.6,20,11,34.8,5.2,801.5
2025-11-03 10:00:00,5,20,16,54.7,4.1,801.5
2025-11-03 11:00:00,10,45,16,54.7,4.1,801.5
2025-11-03 12:00:00,8.7,47,25,38,3.8,515.3
2025-11-03 13:00:00,10.6,47,25,33.3,4.7,458
2025-11-03 14:00:00,11.5,39,38,26.7,5,229
2025-11-03 15:00:00,10.1,42,38,26.7,5,229
2025-11-03 16:00:00,9,39,53,22.8,4.2,229
2025-11-03 18:00:00,8,39,53,22.8,3.8,229
2025-11-03 20:00:00,6,37,58,16.7,3.5,171.8
2025-11-03 21:00:00,4.3,46,31,58.1,2.4,458
2025-11-03 22:00:00,3.9,44,25,64.3,3.1,458
2025-11-03 23:00:00,4,44,25,43.4,2.6,343.5
2025-11-04 00:00:00,3.8,44,24,43.4,1.8,286.3
2025-11-04 01:00:00,3.9,44,34,19.6,2.4,114.5
2025-11-04 02:00:00,3.6,44,34,19.6,2.4,114.5
2025-11-04 03:00:00,3.6,44,46,9.2,2.6,114.5
2025-11-04 04:00:00,3.5,53,17.3,1.6,171.8,0.0
2025-11-04 05:00:00,3.7,44,15.8,0.5,171.8,0.0
2025-11-04 06:00:00,3.6,60,8.1,2.4,171.8,0.0
2025-11-04 07:00:00,3.6,60,8.1,2.4,171.8,0.0
2025-11-04 08:00:00,2,59,17.4,2.4,229,0.0
2025-11-04 09:00:00,3.6,14,59,2.4,1.8,114.5
2025-11-04 10:00:00,3.9,19,56,26.8,1.3,114.5
2025-11-04 11:00:00,4.2,19,56,22.6,1.3,229
2025-11-04 12:00:00,4.4,21,59,22.6,1.3,229
2025-11-04 13:00:00,4.6,28,59,22.2,1.8,229
2025-11-04 14:00:00,4.7,19,59,22.2,1.8,229
2025-11-04 15:00:00,1,19,59,229,0.0,0.0
2025-11-04 16:00:00,4.5,19,75,9.4,1.3,114.5
2025-11-04 18:00:00,3.1,23,83,5.1,2.1,114.5
2025-11-04 20:00:00,3,23,77,11.8,3.9,114.5
2025-11-04 21:00:00,4.2,23,69,19.9,2.4,286.3
2025-11-04 22:00:00,4.2,30,59,31.2,3,286.3
2025-11-04 23:00:00,4.1,31,50,59.1,1.8,515.3
2025-11-05 00:00:00,2,31,50,59.1,1.8,515.3
2025-11-05 01:00:00,4.1,18,35,33.3,1.4,458
2025-11-05 02:00:00,3.8,15,35,33.3,1.4,458
2025-11-05 03:00:00,3.9,15,35,33.3,1.4,458
2025-11-05 04:00:00,4,13,48,17.2,1.6,229
2025-11-05 05:00:00,3.9,13,48,5.8,2.4,114.5
2025-11-05 06:00:00,3.9,13,48,5.8,2.4,114.5
2025-11-05 07:00:00,3.8,13,48,5.8,2.4,114.5
2025-11-05 08:00:00,4.1,16,34,36.9,0.5,458
2025-11-05 09:00:00,4,16,34,36.9,0.5,458
2025-11-05 10:00:00,4.2,31,53,18.1,2.6,458
2025-11-05 11:00:00,4.7,31,53,18.1,2.6,458
2025-11-05 12:00:00,4.7,31,56,25.2,2,687
2025-11-05 13:00:00,5.1,48,61,21.1,1.7,286.3
2025-11-05 14:00:00,4.7,42,69,8,2.6,114.5
2025-11-05 15:00:00,2.5,39,77,8,2.6,114.5
2025-11-05 16:00:00,4.6,39,77,8,2.6,114.5
2025-11-05 18:00:00,2,39,77,8,2.6,114.5
2025-11-05 20:00:00,5,22,61,9.2,1.4,171.8
2025-11-05 21:00:00,5,22,61,9.2,1.4,171.8
2025-11-05 22:00:00,4.5,22,61,9.2,1.4,171.8
2025-11-05 23:00:00,4.4,22,171.8,0.0,0.0,0.0
2025-11-06 00:00:00,4.3,45,75,6.3,2.6,114.5
2025-11-06 01:00:00,4.4,59,74,5.5,1.6,171.8
2025-11-06 02:00:00,4.2,67,70,11.2,3.4,114.5
2025-11-06 03:00:00,4,67,68,12.8,2.1,114.5
2025-11-06 04:00:00,4,56,65,15.6,1.7,229
2025-11-06 05:00:00,2.7,53,62,7.2,4.7,114.5
2025-11-06 06:00:00,1.9,41,55,3.9,3.4,114.5
2025-11-06 07:00:00,1.9,41,60,3.4,2,229
2025-11-06 08:00:00,2.3,28,60,18.6,2.4,286.3
2025-11-06 09:00:00,2.4,19,53,17.7,2.4,458
2025-11-06 10:00:00,3,20,47,25.6,3.1,458
2025-11-06 11:00:00,3.6,16,47,25.6,3.1,458
2025-11-06 12:00:00,2.7,20,56,11.9,2.9,114.5
2025-11-06 13:00:00,2.9,20,61,4.8,1.8,114.5
2025-11-06 14:00:00,2,20,68,6.2,1.2,229
2025-11-06 15:00:00,3.2,20,68,6.2,1.2,229
2025-11-06 16:00:00,3.2,13,73,3.8,1.3,229
2025-11-06 18:00:00,2,15,79,1.5,1.6,229
2025-11-06 20:00:00,1.9,22,58,54.7,2.4,229
2025-11-06 21:00:00,3.2,15,46,28.8,1.4,229
2025-11-06 22:00:00,2.8,15,46,28.8,1.4,458
2025-11-06 23:00:00,3.2,15,48,24.4,1.4,458
2025-11-07 00:00:00,2.7,15,57,8.8,1,343.5
2025-11-07 01:00:00,3.2,12,48,26.5,1.2,572.5
2025-11-07 02:00:00,2.8,12,51,28.6,2.4,229
2025-11-07 03:00:00,3.1,9,51,28.6,2.4,229
2025-11-07 04:00:00,3.2,9,51,28.6,2.4,229
2025-11-07 05:00:00,2.9,14,38,24.4,2.4,343.5
2025-11-07 06:00:00,2.8,7,38,24.4,2.4,343.5
2025-11-07 07:00:00,2.7,9,31,22.8,2.6,229
2025-11-07 08:00:00,2.4,10,31,15.3,2.4,229
2025-11-07 09:00:00,3,10,31,15.3,2.4,229
2025-11-07 10:00:00,3.3,13,23,42.8,3.1,458
2025-11-07 11:00:00,3.6,19,23,42.8,3.1,458
2025-11-07 12:00:00,3.3,24,38,21,2.4,229
2025-11-07 13:00:00,3.2,24,38,21,2.4,229
2025-11-07 14:00:00,3.4,23,49,24.3,1.6,343.5
2025-11-07 15:00:00,1.5,23,49,24.3,1.6,343.5
2025-11-07 16:00:00,3.5,23,49,24.3,1.6,343.5
2025-11-07 18:00:00,3.6,20,58,9.1,2.4,343.5
2025-11-07 19:00:00,3.2,22,58,9.1,2.4,286.3
2025-11-07 20:00:00,3.1,22,58,9.1,2.4,286.3
2025-11-07 21:00:00,3.3,22,58,9.1,2.4,0.0
2025-11-07 22:00:00,2.9,21,58,32.6,2.9,0.0
2025-11-07 23:00:00,3.1,21,42,32.6,2.9,343.5
2025-11-08 00:00:00,3.4,23,27,52.8,2,343.5
2025-11-08 01:00:00,3.9,31,27,52.8,2,458
2025-11-08 02:00:00,4.1,31,27,52.8,2,458
2025-11-08 03:00:00,3.4,25,34,22.6,1.8,0.0
2025-11-08 04:00:00,3,20,20,38.3,2.1,343.5
2025-11-08 05:00:00,3.1,16,22,28,2.1,229
2025-11-08 06:00:00,2.8,16,11,31.2,1.4,343.5
2025-11-08 07:00:00,2.5,16,11,31.2,1.4,343.5
2025-11-08 08:00:00,2.4,14,11,31.2,1.4,343.5
2025-11-08 09:00:00,3.1,14,11,31.2,1.4,343.5
2025-11-08 10:00:00,3,14,28,21.1,2.1,343.5
2025-11-08 11:00:00,4.1,10,28,17.3,6,229
2025-11-08 12:00:00,3.7,10,28,17.3,6,229
2025-11-08 13:00:00,3.9,10,28,17.3,6,229
2025-11-08 14:00:00,4.3,10,28,17.3,6,229
2025-11-08 15:00:00,3.5,8,28,23.9,6.8,229
2025-11-08 16:00:00,3,7,23.9,6.8,229,0.0
2025-11-08 18:00:00,3.3,9,79,2.9,1.2,0.0
2025-11-08 20:00:00,2,13,75,7.9,1.6,0.0
2025-11-08 21:00:00,3.7,13,75,7.9,1.6,0.0
2025-11-08 22:00:00,2.8,13,56,22.6,1.2,343.5
2025-11-08 23:00:00,3.6,13,56,22.6,1.2,343.5
2025-11-09 00:00:00,3.3,10,38,30.6,2.1,343.5
2025-11-09 01:00:00,3.8,10,38,30.6,2.1,458
2025-11-09 02:00:00,3,10,32,28.2,1.2,458
2025-11-09 03:00:00,3.3,8,24,48.5,1.2,343.5
2025-11-09 04:00:00,1,12,28,55.1,0.3,572.5
2025-11-09 05:00:00,3.4,17,20,51.1,1.3,458
2025-11-09 06:00:00,3.3,17,20,51.1,1.3,458
2025-11-09 07:00:00,2.8,17,8,50.2,1.4,515.3
2025-11-09 08:00:00,3,7,8,33.5,2.6,458
2025-11-09 09:00:00,3.5,6,8,2.6,1.7,458
2025-11-09 10:00:00,3,5,10,3.8,1.7,458
2025-11-09 11:00:00,4.4,4,19,5.5,1.7,458
2025-11-09 12:00:00,4.9,7,19,5.5,2.2,572.5
2025-11-09 13:00:00,5.8,9,38,13.7,8.7,458
2025-11-09 14:00:00,6.4,11,55,18.6,4.7,343.5
2025-11-09 15:00:00,6.9,11,55,18.6,4.7,343.5
2025-11-09 16:00:00,7.5,11,55,24.9,2.9,343.5
2025-11-09 18:00:00,5.6,15,81,11.1,1.8,343.5
2025-11-09 20:00:00,6.2,25,72,17.9,1.8,0.0
2025-11-09 21:00:00,5.7,25,72,17.9,1.8,0.0
2025-11-09 22:00:00,4.4,25,72,9.6,1.8,0.0
2025-11-09 23:00:00,5.1,26,38,63.9,2.1,0.0
2025-11-10 00:00:00,4.3,20,24,67.6,1.7,572.5
2025-11-10 01:00:00,4.7,18,24,63.3,1.7,572.5
2025-11-10 02:00:00,4,18,24,63.3,1.7,572.5
2025-11-10 03:00:00,4.3,13,8,63.3,1.7,572.5
2025-11-10 04:00:00,3,13,8,58.8,1.6,458
2025-11-10 05:00:00,4,13,5,60.4,3.9,572.5
2025-11-10 06:00:00,4.6,11,1,57.6,2.2,572.5
2025-11-10 07:00:00,4,10,1,56,1.8,400.8
2025-11-10 08:00:00,4,21,1,56,1.8,400.8
2025-11-10 09:00:00,5.2,21,18,56.8,2,343.5
2025-11-10 10:00:00,6.6,27,22,40.3,2.9,458
2025-11-10 11:00:00,7.5,28,29,29.7,3.1,343.5
2025-11-10 12:00:00,6.4,28,29,21.8,3.1,343.5
2025-11-10 13:00:00,7.3,25,34,21.8,3.4,343.5
2025-11-10 14:00:00,10,29,54,24.4,3.9,343.5
2025-11-10 15:00:00,10,47,60,27.1,3.4,343.5
2025-11-10 16:00:00,9,47,60,27.1,3.4,343.5
2025-11-10 18:00:00,9.5,50,61,33.5,2.4,0.0
2025-11-10 20:00:00,8,58,40,37,2.2,343.5
2025-11-10 21:00:00,6.6,58,40,29.1,2.6,343.5
2025-11-10 22:00:00,5.4,58,30,47.9,2.6,343.5
2025-11-10 23:00:00,5.5,58,30,47.9,2.6,343.5
2025-11-11 00:00:00,5,41,8,41,3.9,458
2025-11-11 01:00:00,4.8,41,4,43.1,4.5,916
2025-11-11 02:00:00,3.4,41,2,35.3,4.5,801.5
2025-11-11 03:00:00,4,41,2,35.3,4.5,801.5
2025-11-11 04:00:00,4,41,2,7.1,1.3,801.5
2025-11-11 05:00:00,4.5,41,4,34.9,5.8,1145
2025-11-11 06:00:00,4.8,4,34.9,5.8,1145,0.0
2025-11-11 07:00:00,3.4,4,35.1,5.8,1145,0.0
2025-11-11 08:00:00,4.5,4,35.1,5.8,1145,0.0
2025-11-11 09:00:00,6,12,33.5,5.5,916,0.0
2025-11-11 10:00:00,7.9,30,13,66.2,5.2,801.5
2025-11-11 11:00:00,8.6,30,13,66.2,5.2,801.5
2025-11-11 12:00:00,10.5,39,26,35.3,3.7,801.5
2025-11-11 13:00:00,9.7,35,26,35.3,3.7,801.5
2025-11-11 14:00:00,10.8,37,36,32,3.9,343.5
2025-11-11 15:00:00,12.4,49,36,32,3.9,343.5
2025-11-11 16:00:00,11,49,43,33.3,2.6,343.5
2025-11-11 18:00:00,10.6,49,48,37.8,3.4,343.5
2025-11-11 20:00:00,7,54,39,27.7,2.6,0.0
2025-11-11 21:00:00,5,54,32,30.6,2.9,343.5
2025-11-11 22:00:00,4,39,32,30.6,2.9,343.5
2025-11-11 23:00:00,4.5,39,25,50.6,2.4,343.5
2025-11-12 00:00:00,3.8,36,25,50.6,2.4,343.5
2025-11-12 01:00:00,3.6,30,16,34,3.1,343.5
2025-11-12 02:00:00,3,30,16,60.4,2.1,343.5
2025-11-12 03:00:00,3.3,30,4,60.4,2.1,458
2025-11-12 04:00:00,2.6,16,6,31,3.7,458
2025-11-12 05:00:00,3.4,12,6,31,3.7,458
2025-11-12 06:00:00,3.5,17,2,3.2,3.4,458
2025-11-12 07:00:00,2.9,17,2,27,2.1,343.5
2025-11-12 08:00:00,3.5,19,2,27,2.1,343.5
2025-11-12 09:00:00,4.3,28,22,27.8,3.1,343.5
2025-11-12 10:00:00,4.7,28,22,27.8,3.1,343.5
2025-11-12 11:00:00,5.4,33,22,36.1,3.4,343.5
2025-11-12 12:00:00,5.3,33,22,36.1,3.4,343.5
2025-11-12 13:00:00,7.4,43,27,38.1,4.7,343.5
2025-11-12 14:00:00,9,43,27,38.1,4.7,343.5
2025-11-12 15:00:00,8.6,43,27,38.1,4.7,343.5
2025-11-12 16:00:00,9,56,34,38.7,2.6,229
2025-11-12 18:00:00,11,70,24,51,3.5,343.5
2025-11-12 20:00:00,6.5,70,24,51,3.5,343.5
2025-11-12 21:00:00,6.1,61,24,63.8,3.4,343.5
2025-11-12 22:00:00,5.9,61,24,63.8,3.4,343.5
2025-11-12 23:00:00,5.9,61,8,63.8,3.4,572.5
2025-11-13 00:00:00,5.3,59,2,60.8,3.9,744.3
2025-11-13 01:00:00,5.1,54,2,60.8,3.9,744.3
2025-11-13 02:00:00,5.2,54,3,60.8,3.9,744.3
2025-11-13 03:00:00,5,54,3,46.6,3.4,572.5
2025-11-13 04:00:00,4.1,54,3,46.6,3.4,572.5
2025-11-13 05:00:00,4.5,54,3,25,4.7,572.5
2025-11-13 06:00:00,4.5,54,3,25,4.7,572.5
2025-11-13 07:00:00,4,3,25,4.7,572.5,0.0
2025-11-13 08:00:00,4.5,3,25,4.7,572.5,0.0
2025-11-13 09:00:00,5,25,4.7,572.5,0.0,0.0
2025-11-13 10:00:00,3,17,54.3,5.4,801.5,0.0
2025-11-13 11:00:00,5.5,17,54.3,5.4,801.5,0.0
2025-11-13 12:00:00,4,43,12,2.1,858.8,0.0
2025-11-13 13:00:00,5.3,39,57,7,2.1,858.8
2025-11-13 14:00:00,5.6,39,57,7,2.1,458
2025-11-13 15:00:00,5.3,32,57,9.4,2.1,458
2025-11-13 16:00:00,5.5,32,68,9.4,0.8,458
2025-11-13 18:00:00,5.3,28,86,5.7,2,458
2025-11-13 20:00:00,5,37,87,5.7,2,57.3
2025-11-13 21:00:00,6.1,38,67,35.3,2.2,286.3
2025-11-13 22:00:00,5.6,43,67,35.3,2.2,286.3
2025-11-13 23:00:00,5.9,43,47,27.1,2,400.8
2025-11-14 00:00:00,5.7,39,47,27.1,2,400.8
2025-11-14 01:00:00,5,27,58,9.6,1.7,114.5
2025-11-14 02:00:00,5.4,24,58,8.8,1.7,171.8
2025-11-14 03:00:00,5.5,20,58,8.8,1.7,171.8
2025-11-14 04:00:00,5.3,20,75,7.7,1.7,171.8
2025-11-14 05:00:00,5.1,19,75,7.7,1.7,171.8
2025-11-14 06:00:00,5.4,15,63,10.7,1.8,229
2025-11-14 07:00:00,5,14,63,10.7,1.8,229
2025-11-14 08:00:00,5.4,19,73,16.5,1.7,229
2025-11-14 09:00:00,5.8,19,73,16.5,1.7,229
2025-11-14 10:00:00,5,20,80,21.1,1.7,229
2025-11-14 11:00:00,5.6,20,80,21.1,1.7,229
2025-11-14 12:00:00,5.7,21,85,11.3,2,229
2025-11-14 13:00:00,5,29,85,9.8,1.8,229
2025-11-14 14:00:00,4.9,23,86,6.4,1.8,229
2025-11-14 15:00:00,4.8,20,85,7.1,1.7,229
2025-11-14 16:00:00,2.5,17,85,7.1,1.7,229
2025-11-14 18:00:00,4.4,18,85,7.1,1.7,229
2025-11-14 20:00:00,4.9,15,71,8.5,1.8,286.3
2025-11-14 21:00:00,5.4,15,71,8.5,1.8,286.3
2025-11-14 22:00:00,5.9,22,58,22.6,1.3,572.5
2025-11-14 23:00:00,5.8,22,58,22.6,1.3,572.5
2025-11-15 00:00:00,5.4,31,52,21,2,801.5
2025-11-15 01:00:00,4.5,31,52,21,2,801.5
2025-11-15 02:00:00,3.7,29,52,21,0.8,801.5
2025-11-15 03:00:00,3.8,28,38,24.8,1.8,458
2025-11-15 04:00:00,3,20,40,22.9,1.8,343.5
2025-11-15 05:00:00,3.7,20,40,22.9,1.8,343.5
2025-11-15 06:00:00,3.4,18,46,10.7,1.6,286.3
2025-11-15 07:00:00,2,17,40,13,0.5,286.3
2025-11-15 08:00:00,3,12,38,27.8,1.3,286.3
2025-11-15 09:00:00,3.4,16,38,27.8,1.3,286.3
2025-11-15 10:00:00,3,14,33,32.5,2.4,343.5
2025-11-15 11:00:00,3.6,14,33,32.5,2.4,343.5
2025-11-15 12:00:00,3,15,36,20.9,2.6,343.5
2025-11-15 13:00:00,4.3,16,45,8.3,1.8,114.5
2025-11-15 14:00:00,3.9,16,45,8.3,1.8,114.5
2025-11-15 15:00:00,4,20,56,9.6,3,114.5
2025-11-15 16:00:00,3.9,19,60,13.4,3,114.5
2025-11-15 18:00:00,4.8,20,59,13.9,2.9,114.5
2025-11-15 20:00:00,5.6,26,47,25.6,2.2,114.5
2025-11-15 21:00:00,5.5,26,47,25.6,2.2,114.5
2025-11-15 22:00:00,5.2,33,47,37.9,1.6,343.5
2025-11-15 23:00:00,4.9,36,18,55.8,2.6,343.5
2025-11-16 00:00:00,4.9,35,18,55.8,2.6,343.5
2025-11-16 01:00:00,4,35,18,55.8,2.6,400.8
2025-11-16 02:00:00,4,35,8,44.7,2.4,400.8
2025-11-16 03:00:00,3.8,22,15,32.3,2.5,229
2025-11-16 04:00:00,3.8,22,15,32.3,2.5,229
2025-11-16 05:00:00,4,22,18,31.7,2.1,114.5
2025-11-16 06:00:00,4.1,22,18,31.7,2.1,114.5
2025-11-16 07:00:00,4.4,16,19,19.2,2.2,171.8
2025-11-16 08:00:00,6.7,16,19,19.2,2.2,171.8
2025-11-16 09:00:00,9.8,15,31,22.6,2.5,286.3
2025-11-16 10:00:00,9.2,15,31,22.6,2.5,286.3
2025-11-16 11:00:00,4,19,40,13.4,2.2,229
2025-11-16 12:00:00,4.3,19,40,13.4,2.2,229
2025-11-16 13:00:00,2.9,11,40,13.4,2.2,229
2025-11-16 14:00:00,2,11,56,4.1,2.1,114.5
2025-11-16 15:00:00,3.4,11,56,4.1,2.1,114.5
2025-11-16 16:00:00,1.6,8,56,4.6,2.1,114.5
2025-11-16 18:00:00,3.4,8,66,5.4,1.7,114.5
2025-11-16 20:00:00,3.4,8,66,5.4,1.7,114.5
2025-11-16 21:00:00,1.7,8,65,6.9,1.8,229
2025-11-16 22:00:00,1.7,65,6.9,1.8,229,0.0
2025-11-16 23:00:00,1.6,65,6.9,1.8,229,0.0
2025-11-17 00:00:00,1.6,1,69,4.1,2,114.5
2025-11-17 01:00:00,1.5,1,69,4.1,2,114.5
2025-11-17 02:00:00,1.6,1,69,4.1,2,114.5
2025-11-17 03:00:00,1.5,4,75,3,2,229
2025-11-17 04:00:00,1.5,4,75,3.4,1.8,343.5
2025-11-17 05:00:00,1.4,4,75,3.4,1.8,229
2025-11-17 06:00:00,1.6,2,69,5.8,1.8,229
2025-11-17 07:00:00,1.7,2,71,4.3,1.8,229
2025-11-17 08:00:00,1.6,1,70,7,2.1,229
2025-11-17 09:00:00,2,1,72,14.7,1.8,286.3
2025-11-17 10:00:00,2.1,1,71,12.1,2.6,114.5
2025-11-17 11:00:00,2.4,1,71,12.1,2.6,114.5
2025-11-17 12:00:00,2.7,1,71,11.5,2,114.5
2025-11-17 13:00:00,3,1,73,5.3,1.7,114.5
2025-11-17 14:00:00,2.8,1,73,5.3,1.7,114.5
2025-11-17 15:00:00,3.1,3,73,3.8,1.6,114.5
2025-11-17 16:00:00,3.2,3,73,3.8,1.6,114.5
2025-11-17 18:00:00,3.1,3,73,5.1,1.7,114.5
2025-11-17 20:00:00,1,8,57,20.5,1.6,114.5
2025-11-17 21:00:00,2.7,8,57,20.5,1.6,114.5
2025-11-17 22:00:00,2.4,8,57,20.5,1.6,114.5
2025-11-17 23:00:00,2.4,4,54,19.6,1.7,114.5
2025-11-18 00:00:00,2,10,49,19.6,1.7,229
2025-11-18 01:00:00,1.9,7,47,17.5,1.6,171.8
2025-11-18 02:00:00,2.1,2,47,17.5,1.6,171.8
2025-11-18 03:00:00,2.4,3,56,10,1.4,114.5
2025-11-18 04:00:00,2.3,2,44,11.3,1.6,114.5
2025-11-18 05:00:00,2.2,4,38,17.1,1.7,114.5
2025-11-18 06:00:00,2.3,5,30,29.7,2.4,229
2025-11-18 07:00:00,2.3,5,30,29.7,2.4,229
2025-11-18 08:00:00,2.4,4,26,31,1.4,229
2025-11-18 09:00:00,2.3,6,26,31,1.4,229
2025-11-18 10:00:00,2.4,6,22,37.2,2,286.3
2025-11-18 11:00:00,3.3,8,22,37.2,2,286.3
2025-11-18 12:00:00,3.3,5,22,37.2,2,286.3
2025-11-18 13:00:00,3.3,18,42,14,1.8,114.5
2025-11-18 15:00:00,4,21,50,22.6,2.9,114.5
2025-11-18 16:00:00,4.4,21,50,22.6,2.9,114.5
2025-11-18 18:00:00,3,36,54,16,4.2,114.5
2025-11-18 20:00:00,4,22,35,26.3,2.1,229
2025-11-18 21:00:00,4,22,35,26.3,2.1,229
2025-11-18 22:00:00,3.9,25,30,44,2.5,343.5
2025-11-18 23:00:00,3.4,24,30,55.7,2.6,343.5
2025-11-19 00:00:00,2.8,24,30,55.7,2.6,343.5
2025-11-19 01:00:00,2.9,19,10,53,2.5,400.8
2025-11-19 02:00:00,2.7,19,10,53,2.5,400.8
2025-11-19 03:00:00,2.7,14,16,40,2,171.8
2025-11-19 04:00:00,1,14,6,35,2.1,171.8
2025-11-19 05:00:00,2.1,14,6,35,2.1,171.8
2025-11-19 06:00:00,2,14,24,23.9,1.8,57.3
2025-11-19 07:00:00,0,14,32,1.7,114.5,0.0
2025-11-19 08:00:00,2,14,32,1.7,114.5,0.0
2025-11-19 09:00:00,2,14,32,1.7,114.5,0.0
2025-11-19 10:00:00,1,14,32,1.7,114.5,0.0
2025-11-19 11:00:00,2.3,12,11,47,3.3,801.5
2025-11-19 12:00:00,2,7,30,10.5,1.6,57.3
2025-11-19 13:00:00,2.2,6,33,14.4,1.7,57.3
2025-11-19 14:00:00,1,6,33,14.4,1.7,57.3
2025-11-19 15:00:00,2.6,6,51,8,1.6,57.3
2025-11-19 16:00:00,2.7,8,53,9,2,114.5
2025-11-19 18:00:00,1,7,57,10.8,1.7,114.5
2025-11-19 20:00:00,2.4,6,59,10.7,1.7,114.5
2025-11-19 21:00:00,2,9,41,25.4,1.8,114.5
2025-11-19 22:00:00,2.1,9,41,25.4,1.8,114.5
2025-11-19 23:00:00,2.1,5,39,26.3,1.8,458
2025-11-20 00:00:00,2.1,8,39,43.8,1.8,343.5
2025-11-20 01:00:00,2.1,11,16,41.7,2,343.5
2025-11-20 02:00:00,2,11,16,41.7,2,343.5
2025-11-20 03:00:00,2,10,16,41.7,2,343.5
2025-11-20 04:00:00,2.1,4,6,44.9,2.6,458
2025-11-20 05:00:00,2.2,6,4,44.7,2.5,458
2025-11-20 06:00:00,2.3,5,4,42.5,2.6,343.5
2025-11-20 07:00:00,3.4,11,2,37.2,2.8,343.5
2025-11-20 08:00:00,3.4,14,6,37,3.8,458
2025-11-20 09:00:00,3.8,14,4,35.9,3.5,458
2025-11-20 10:00:00,6.8,14,4,35.9,3.5,458
2025-11-20 11:00:00,6.9,29,9,41.4,5.1,458
2025-11-20 12:00:00,7,29,9,41.4,5.1,458
2025-11-20 13:00:00,7.4,30,15,39.3,2.9,229
2025-11-20 14:00:00,6.2,30,15,39.3,2.9,229
2025-11-20 15:00:00,4.3,35,21,35,2.6,229
2025-11-20 16:00:00,4,35,21,35,2.6,229
2025-11-20 18:00:00,3.9,24,42,10.2,2.5,229
2025-11-20 20:00:00,3.8,24,42,10.2,2.5,0.0
2025-11-20 21:00:00,3.6,23,42,10.2,2.5,0.0
2025-11-20 22:00:00,3.6,22,14,33.3,2.5,229
2025-11-20 23:00:00,4.5,20,14,33.3,2.5,229
2025-11-21 00:00:00,4.4,19,9,39.3,2.5,286.3
2025-11-21 01:00:00,4,19,7,41.2,2.9,343.5
2025-11-21 02:00:00,3.8,19,7,41.2,2.9,343.5
2025-11-21 03:00:00,3.8,19,7,41.2,2.9,343.5
2025-11-21 04:00:00,3.8,15,3,33.5,2.4,229
2025-11-21 05:00:00,2.8,15,3,33.5,2.4,229
2025-11-21 06:00:00,3.8,15,3,33.5,2.4,229
2025-11-21 07:00:00,7.6,15,3,33.8,2.8,229
2025-11-21 08:00:00,7.5,13,4,39.9,3.5,458
2025-11-21 09:00:00,8.1,15,7,39.9,3.9,629.8
2025-11-21 10:00:00,9.5,12,7,39.9,3.9,629.8
2025-11-21 11:00:00,9.6,12,7,39.9,3.9,629.8
2025-11-21 12:00:00,14,12,7,39.9,3.9,629.8
2025-11-21 13:00:00,10.2,14,26,32.7,3.7,629.8
2025-11-21 14:00:00,7,13,30,32.7,2.8,629.8
2025-11-21 15:00:00,7,11,30,27.6,2.8,629.8
2025-11-21 16:00:00,7.4,10,45,24.1,2.8,687
2025-11-21 18:00:00,7.1,14,53,15.8,1.7,0
2025-11-21 19:00:00,8.2,17,49,20.9,1.6,0
2025-11-21 20:00:00,8.2,17,49,20.9,1.6,0.0
2025-11-21 21:00:00,7.2,17,36,38,0.5,0.0
2025-11-21 22:00:00,6.9,19,25,40.9,1.6,343.5
2025-11-21 23:00:00,6.4,13,17,40,1.6,229
2025-11-22 00:00:00,6.3,11,15,38.1,2,572.5
2025-11-22 01:00:00,6.6,11,15,38.1,2,572.5
2025-11-22 02:00:00,6.1,11,15,38.1,2,572.5
2025-11-22 03:00:00,5.8,12,15,38.1,2,572.5
2025-11-22 04:00:00,5.1,10,6,38.2,1.7,343.5
2025-11-22 05:00:00,4.9,10,6,38.2,1.7,343.5
2025-11-22 06:00:00,5.1,9,5,23,1.3,171.8
2025-11-22 07:00:00,5,9,5,23,1.3,171.8
2025-11-22 08:00:00,7.7,9,5,23,1.3,171.8
2025-11-22 09:00:00,8.2,10,9,41.2,3.3,572.5
2025-11-22 10:00:00,8.5,10,10,44.2,4.2,687
2025-11-22 11:00:00,12.2,15,17,37.8,3.4,572.5
2025-11-22 12:00:00,15.4,15,17,37.8,3.4,572.5
2025-11-22 13:00:00,18,15,17,37.8,3.4,572.5
2025-11-22 14:00:00,18.8,17,24,38,4.1,343.5
2025-11-22 15:00:00,17.4,15,49,19.7,2.4,343.5
2025-11-22 16:00:00,16.6,11,49,19.7,2.4,114.5
2025-11-22 18:00:00,12.2,14,51,12,1.8,114.5
2025-11-22 20:00:00,15.9,19,36,19.2,1.2,114.5
2025-11-22 21:00:00,15.4,19,36,19.2,1.2,114.5
2025-11-22 22:00:00,15.5,19,36,19.2,1.2,114.5
2025-11-22 23:00:00,16,30,36,46.2,2.8,114.5
2025-11-23 00:00:00,13.7,30,20,46.2,2.8,114.5
2025-11-23 01:00:00,13.3,30,20,46.2,2.8,572.5
2025-11-23 02:00:00,11.2,31,13,22.7,2.5,572.5
2025-11-23 03:00:00,12.6,20,3,38,2.4,458
2025-11-23 04:00:00,10,15,5,37.4,2.9,229
2025-11-23 05:00:00,13.3,15,2,29.9,2.4,286.3
2025-11-23 06:00:00,13.1,15,2,20,2.2,171.8
2025-11-23 07:00:00,14.6,15,2,20,2.2,171.8
2025-11-23 08:00:00,16,15,2,20,2.2,171.8
2025-11-23 09:00:00,18.9,15,2,20,2.2,171.8
2025-11-23 10:00:00,16.1,24,15,32.9,1.8,114.5
2025-11-23 11:00:00,20.6,22,16,32.5,1.8,114.5
2025-11-23 12:00:00,20.1,25,16,32.5,1.8,114.5
2025-11-23 13:00:00,24.2,24,21,32.3,1.7,171.8
2025-11-23 14:00:00,24.7,24,21,32.3,1.7,171.8
2025-11-23 15:00:00,27.2,24,21,32.3,1.7,171.8
2025-11-23 16:00:00,17.7,24,30,26,0.8,57.3
2025-11-23 18:00:00,18.9,21,30,28.6,1.4,57.3
2025-11-23 20:00:00,20.6,32,18,45.9,2,343.5
2025-11-23 21:00:00,19.3,32,18,45.9,2,343.5
2025-11-23 22:00:00,15.3,32,13,55.7,2.1,458
2025-11-23 23:00:00,10.8,25,11,39.5,1.8,229
2025-11-24 00:00:00,8,21,4,48.9,1.1,229
2025-11-24 01:00:00,6.1,21,7,44.8,1.8,229
2025-11-24 02:00:00,5.4,15,10,44.8,1.8,229
2025-11-24 03:00:00,4.3,13,6,47.5,2,229
2025-11-24 04:00:00,4.7,13,6,47.5,2,229
2025-11-24 05:00:00,4.9,10,4,48.8,2.2,229
2025-11-24 06:00:00,7.7,7,3,51.9,2.2,229
2025-11-24 07:00:00,7.1,7,3,51.9,2.2,229
2025-11-24 08:00:00,8.1,7,3,51.9,2.2,229
2025-11-24 09:00:00,10.6,14,12,55.6,2.9,343.5
2025-11-24 10:00:00,13.7,14,12,55.6,2.9,343.5
2025-11-24 11:00:00,17.8,14,12,55.6,2.9,343.5
2025-11-24 12:00:00,26.9,20,12,55.6,2.9,343.5
2025-11-24 13:00:00,19.6,25,32,22.8,2.2,229
2025-11-24 14:00:00,21.3,32,32,22.8,2.2,229
2025-11-24 15:00:00,15.7,32,40,21.6,2.1,229
2025-11-24 16:00:00,11,32,40,21.6,2.1,229
2025-11-24 18:00:00,4.7,17,50,10.2,1.6,229
2025-11-24 20:00:00,3,60,30,51.7,2.5,343.5
2025-11-24 21:00:00,4.6,60,30,51.7,2.5,343.5
2025-11-24 22:00:00,6.4,60,30,51.7,2.5,343.5
2025-11-24 23:00:00,8.6,26,30,51.7,2.5,343.5
2025-11-25 00:00:00,11.5,26,30,44.6,2,229
2025-11-25 01:00:00,11.1,27,28,38.4,1.7,114.5
2025-11-25 02:00:00,10.7,24,16,44.4,1.6,114.5
2025-11-25 03:00:00,10.6,21,16,44.4,1.6,114.5
2025-11-25 04:00:00,8.9,19,15,32,1.4,114.5
2025-11-25 05:00:00,7.7,15,15,32,1.4,114.5
2025-11-25 06:00:00,6,14,23,32.3,2.1,114.5
2025-11-25 07:00:00,4,14,23,32.3,2.1,114.5
2025-11-25 08:00:00,3.1,14,33,28,1.4,114.5
2025-11-25 09:00:00,3.9,14,32,49.3,1.7,229
2025-11-25 10:00:00,3.8,14,32,49.3,1.7,229
2025-11-25 11:00:00,4.3,14,32,49.3,1.7,229
2025-11-25 12:00:00,4.1,14,32,49.3,1.7,229
2025-11-25 13:00:00,4.7,14,32,49.3,1.7,229
2025-11-25 14:00:00,4.9,21,0.0,0.0,0.0,0.0
2025-11-25 15:00:00,4.3,21,63,11.5,2,229
2025-11-25 16:00:00,3.9,21,63,11.5,2,343.5
2025-11-25 18:00:00,3.9,21,63,11.5,2,114.5
2025-11-25 20:00:00,1,31,56,4.7,1.3,0.0
2025-11-25 21:00:00,2.2,22,38,37.1,1.8,0.0
2025-11-25 22:00:00,1.8,22,38,37.1,1.8,0.0
2025-11-25 23:00:00,2.3,22,20,54.9,2,572.5
2025-11-26 00:00:00,1,13,20,57.2,2,458
2025-11-26 01:00:00,2.6,11,19,57.2,2,458
2025-11-26 02:00:00,2.6,11,4,57.2,2,458
2025-11-26 03:00:00,2.3,11,4,57.2,2,458
2025-11-26 04:00:00,2.4,10,8,60.7,2.6,458
2025-11-26 05:00:00,2.9,10,8,60.7,2.6,458
2025-11-26 06:00:00,2.3,10,8,60.7,2.6,458
2025-11-26 07:00:00,2.3,10,8,60.7,2.6,458
2025-11-26 08:00:00,2.7,14,5,44.4,2,229
2025-11-26 09:00:00,4,17,14,39.1,2.8,229
2025-11-26 10:00:00,4.6,17,14,39.1,2.8,229
2025-11-26 11:00:00,5,20,28,23.7,1.8,229
2025-11-26 12:00:00,4,14,35,24.3,2,229
2025-11-26 13:00:00,5.3,20,41,26,2,229
2025-11-26 14:00:00,6,23,41,26,2,229
2025-11-26 15:00:00,6.1,31,50,20.2,2.1,229
2025-11-26 16:00:00,6.9,25,50,20.2,2.1,229
2025-11-26 18:00:00,7,25,46,20.2,0.5,0.0
2025-11-26 20:00:00,4,35,21,65.8,2.2,343.5
2025-11-26 21:00:00,4.5,25,17,41.9,0.5,400.8
2025-11-26 22:00:00,3,28,12,67.3,2.1,400.8
2025-11-26 23:00:00,4,28,12,67.3,2.1,400.8
2025-11-27 00:00:00,3.7,28,12,66.9,2.4,458
2025-11-27 01:00:00,3.5,20,12,60.9,1.1,114.5
2025-11-27 02:00:00,4,20,12,60.9,1.1,114.5
2025-11-27 03:00:00,3.6,20,38.2,0.5,114.5,0.0
2025-11-27 04:00:00,3,20,38.2,0.5,114.5,0.0
2025-11-27 05:00:00,3.3,20,38.2,0.5,114.5,0.0
2025-11-27 06:00:00,3.4,30.9,1.1,114.5,0.0,0.0
2025-11-27 07:00:00,3.3,30.9,1.1,114.5,0.0,0.0
2025-11-27 08:00:00,2.4,29.9,1.3,114.5,0.0,0.0
2025-11-27 09:00:00,3.1,14,6,34,1.8,229
2025-11-27 10:00:00,5.5,14,10,37.4,3.4,343.5
2025-11-27 11:00:00,5,14,10,37.4,3.4,343.5
2025-11-27 12:00:00,3.7,14,10,37.4,3.4,343.5
2025-11-27 13:00:00,3,11,20,14.7,1.3,343.5
2025-11-27 14:00:00,3.5,9,54,6.4,0.8,343.5
2025-11-27 15:00:00,5.2,11,58,6.2,0.8,343.5
2025-11-27 16:00:00,6.4,11,58,6.2,0.8,343.5
2025-11-27 18:00:00,7.4,11,58,6.2,0.8,0.0
2025-11-27 20:00:00,6.4,24,34,34.4,1.6,0.0
2025-11-27 21:00:00,5.5,24,34,34.4,1.6,0.0
2025-11-27 22:00:00,5.5,30,24,32.3,1.8,0.0
2025-11-27 23:00:00,4.1,31,24,32.3,1.8,0.0
2025-11-28 00:00:00,3.5,31,24,32.3,1.8,0.0
2025-11-28 01:00:00,3.2,23,32.3,1.8,0.0,0.0
2025-11-28 02:00:00,2.3,23,28.5,1.6,0.0,0.0
2025-11-28 03:00:00,2.3,18,28.5,1.6,0.0,0.0
2025-11-28 04:00:00,1,13,33.7,2.1,0.0,0.0
2025-11-28 05:00:00,2.7,13,33.7,2.1,0.0,0.0
2025-11-28 06:00:00,2.7,13,33.7,2.1,0.0,0.0
2025-11-28 07:00:00,2.8,13,33.7,2.1,0.0,0.0
2025-11-28 08:00:00,3,10,10,37.6,3.9,114.5
2025-11-28 09:00:00,3,14,10,37.6,3.9,114.5
2025-11-28 10:00:00,3.3,14,12,34,4.7,801.5
2025-11-28 11:00:00,4.7,14,14,63.9,7.9,801.5
2025-11-28 12:00:00,9.5,26,15,60.7,6.7,801.5
2025-11-28 13:00:00,10.9,26,15,60.7,6.7,801.5
2025-11-28 14:00:00,5.1,23,22,17.1,5,114.5
2025-11-28 15:00:00,3,24,44,6.4,2.8,114.5
2025-11-28 16:00:00,3.4,13,44,6.4,2.8,114.5
2025-11-28 18:00:00,3.7,7,44,9.4,2.8,114.5
2025-11-28 20:00:00,3.7,19,37,32.7,2.2,114.5
2025-11-28 21:00:00,3.1,25,31,28.2,2.1,114.5
2025-11-28 22:00:00,2.3,23,34,12,2.2,57.3
2025-11-28 23:00:00,2,17,36,4.8,1.6,57.3
2025-11-29 00:00:00,2.1,16,35,8.1,1.6,57.3
2025-11-29 01:00:00,2.2,12,33,15.4,1.7,57.3
2025-11-29 02:00:00,2,10,33,15.4,1.7,57.3
2025-11-29 03:00:00,1,10,33,15.4,1.7,57.3
2025-11-29 04:00:00,1.9,10,31,14.9,1.6,57.3
2025-11-29 05:00:00,1.9,10,25,16.7,1.7,0.0
2025-11-29 06:00:00,2,10,25,10,1.1,0.0
2025-11-29 07:00:00,2.1,5,27,11.3,1.4,0.0
2025-11-29 08:00:00,3.8,8,38,15.4,1.7,0.0
2025-11-29 09:00:00,4,8,38,15.4,1.7,0.0
2025-11-29 10:00:00,4.2,8,38,15.4,1.7,0.0
2025-11-29 11:00:00,4,8,38,15.4,1.7,0.0
2025-11-29 12:00:00,3.3,4,33,20.1,1.8,0.0
2025-11-29 13:00:00,3.3,5,33,20.1,1.8,0.0
2025-11-29 14:00:00,2.8,6,33,20.1,1.8,114.5
2025-11-29 15:00:00,3.2,9,33,20.1,1.8,114.5
2025-11-29 16:00:00,2.7,8,46,5.6,2.8,0.0
2025-11-29 18:00:00,3.8,10,43,11.9,1.6,0.0
2025-11-29 20:00:00,3,16,43,11.9,1.6,0.0
2025-11-29 21:00:00,3.6,16,43,11.9,1.6,0.0
2025-11-29 22:00:00,3.3,16,43,11.9,1.6,0.0
2025-11-29 23:00:00,4,16,31,3.2,2.9,229
2025-11-30 00:00:00,4,13,6,49.3,2.2,343.5
2025-11-30 01:00:00,3.7,13,6,49.3,2.2,343.5
2025-11-30 02:00:00,4,13,6,52.1,2.8,343.5
2025-11-30 03:00:00,4,16,4,53.4,2.9,343.5
2025-11-30 04:00:00,4.8,18,4,48.1,3.3,343.5
2025-11-30 05:00:00,4.9,17,4,38.2,3,343.5
2025-11-30 06:00:00,6.2,18,4,38.2,3,343.5
2025-11-30 07:00:00,5.5,16,6,38.4,3.1,229
2025-11-30 08:00:00,6,16,6,38.4,3.1,229
2025-11-30 09:00:00,5.6,16,6,38.4,3.1,229
2025-11-30 10:00:00,5.7,11,24,48.1,1.8,229
2025-11-30 11:00:00,5.6,11,27,50.2,2.4,229
2025-11-30 12:00:00,4.9,11,27,50.2,2.4,229
2025-11-30 13:00:00,4.8,13,28,33.5,2.6,229
2025-11-30 14:00:00,5.1,13,28,33.5,2.6,229
2025-11-30 15:00:00,4.2,11,33,14.7,2,229
2025-11-30 16:00:00,4.2,11,33,14.7,2,229
2025-11-30 18:00:00,5,11,38,4.7,2.9,229
2025-11-30 20:00:00,6.4,5,46,9.9,1.6,229
2025-11-30 21:00:00,6.8,5,46,9.9,1.6,0.0
2025-11-30 22:00:00,6.7,5,46,9.9,1.6,0.0
2025-11-30 23:00:00,6,7,40,10.1,2.8,0.0
2025-12-01 00:00:00,5.6,7,40,10.1,2.8,0.0
2025-12-01 01:00:00,6,7,33,8.8,1.4,0.0
2025-12-01 02:00:00,6,4,33,8.8,1.4,0.0
2025-12-01 03:00:00,5.5,9,33,26.7,1.3,0.0
2025-12-01 04:00:00,6.4,9,33,26.7,1.3,0.0
2025-12-01 05:00:00,6,4,22,26.7,1.3,0.0
2025-12-01 06:00:00,5.6,8,16,46.4,2.6,114.5
2025-12-01 07:00:00,5.3,8,16,46.4,2.6,114.5
2025-12-01 08:00:00,5.6,8,12,46.4,2.6,114.5
2025-12-01 09:00:00,5.5,16,12,46.4,2.6,114.5
2025-12-01 10:00:00,6.8,9,6,53,3.7,114.5
2025-12-01 11:00:00,6.8,9,6,53,3.7,114.5
2025-12-01 13:00:00,8.9,11,41,5.5,2,114.5
2025-12-01 14:00:00,10,11,41,5.5,2,114.5
2025-12-01 15:00:00,9.5,16,47,14.9,1.8,114.5
2025-12-01 16:00:00,9.1,9,41,16,2.1,114.5
2025-12-01 18:00:00,9,13,37,20.5,2,57.3
2025-12-01 20:00:00,9,21,37,20.5,2,57.3
2025-12-01 21:00:00,9,22,31,41.2,2,114.5
2025-12-01 22:00:00,8.1,23,27,29,1.6,114.5
2025-12-01 23:00:00,8.3,19,27,52.5,1.8,343.5
2025-12-02 00:00:00,7.2,19,27,52.5,1.8,343.5
2025-12-02 01:00:00,5.8,17,27,50.4,1.7,343.5
2025-12-02 02:00:00,5,13,27,50.4,2.1,343.5
2025-12-02 03:00:00,4,13,50.4,2.1,343.5,0.0
2025-12-02 04:00:00,6,9,40,1.8,114.5,0.0
2025-12-02 05:00:00,8,12,40,1.8,114.5,0.0
2025-12-02 06:00:00,8,12,40,1.8,114.5,0.0
2025-12-02 07:00:00,5,12,40,1.8,114.5,0.0
2025-12-02 08:00:00,3,12,40,1.8,114.5,0.0
2025-12-02 09:00:00,4,13,48.9,2,229,0.0
2025-12-02 10:00:00,3.9,12,20,48.9,2,229
2025-12-02 11:00:00,3.9,12,24,36.1,2,229
2025-12-02 12:00:00,4,12,24,36.1,2,229
2025-12-02 13:00:00,4.6,10,45,25.8,2,229
2025-12-02 14:00:00,4.3,15,46,22.9,2.1,229
2025-12-02 15:00:00,3.4,12,51,17.1,2.2,229
2025-12-02 16:00:00,3.9,13,51,17.1,2.2,229
2025-12-02 18:00:00,2.7,8,51,17.1,2.2,0.0
2025-12-02 20:00:00,3,15,55,31.8,1.8,343.5
2025-12-02 21:00:00,3,15,55,31.8,1.8,343.5
2025-12-02 22:00:00,5.5,8,45,11.8,1.4,343.5
2025-12-02 23:00:00,6,3,40,12.4,1.6,343.5
2025-12-03 00:00:00,7.6,3,40,12.4,1.6,343.5
2025-12-03 01:00:00,8.8,4,47,13.9,1.8,343.5
2025-12-03 02:00:00,10.1,2,47,13.9,1.8,343.5
2025-12-03 03:00:00,10.4,5,42,20.3,1.8,343.5
2025-12-03 04:00:00,9,6,44,14.3,1.8,0.0
2025-12-03 05:00:00,7.7,12,44,14.3,1.8,0.0
2025-12-03 06:00:00,8.4,11,42,30.1,1.7,0.0
2025-12-03 07:00:00,8.6,9,32,14.7,1.7,0.0
2025-12-03 08:00:00,8.8,9,32,14.7,1.7,0.0
2025-12-03 09:00:00,10.5,6,32,30.5,1.7,0.0
2025-12-03 10:00:00,9.8,8,32,30.5,1.7,114.5
2025-12-03 11:00:00,10,8,32,30.5,1.7,114.5
2025-12-03 12:00:00,8.1,8,37,21.4,1.8,114.5
2025-12-03 13:00:00,8.2,8,37,21.4,1.8,114.5
2025-12-03 14:00:00,8,10,44,9.8,1.6,57.3
2025-12-03 15:00:00,8,9,44,9.8,1.6,57.3
2025-12-03 16:00:00,6.6,9,44,9.8,1.6,57.3
2025-12-03 18:00:00,5.5,9,44,9.8,1.6,57.3
2025-12-03 20:00:00,5.7,9,57.3,0.0,0.0,0.0
2025-12-03 21:00:00,6,9,38,11.8,1.6,0.0
2025-12-03 22:00:00,5.6,10,38,11.8,1.6,57.3
2025-12-03 23:00:00,5.5,7,33,7.9,1.3,57.3
2025-12-04 00:00:00,5.4,5,31,5.8,1.2,114.5
2025-12-04 01:00:00,6,6,30,9,1.3,114.5
2025-12-04 02:00:00,6,6,30,9,1.3,114.5
2025-12-04 03:00:00,5.7,4,31,18.8,1.8,114.5
2025-12-04 04:00:00,6,8,34,21.1,1.7,171.8
2025-12-04 05:00:00,6.4,8,34,21.1,1.7,171.8
2025-12-04 06:00:00,6.8,11,34,43.1,2.1,171.8
2025-12-04 07:00:00,7.2,11,27,43.1,2.1,171.8
2025-12-04 08:00:00,8.2,11,28,43.1,2.1,171.8
2025-12-04 09:00:00,10,11,28,43.1,2.1,171.8
2025-12-04 10:00:00,10.8,11,28,43.1,2.1,171.8
2025-12-04 11:00:00,12.9,18,49.1,3.5,171.8,0.0
2025-12-04 12:00:00,15,18,58.8,5.8,687,0.0
2025-12-04 13:00:00,13.5,20,28,20.2,3.4,114.5
2025-12-04 14:00:00,10.4,19,42,14.2,2.6,114.5
2025-12-04 15:00:00,9,19,42,14.2,2.6,114.5
2025-12-04 16:00:00,8,15,52,16,2.6,114.5
2025-12-04 18:00:00,9.1,15,52,16,2.6,114.5
2025-12-04 20:00:00,11,23,33,32.7,1.7,229
2025-12-04 21:00:00,9,23,33,32.7,1.7,229
2025-12-04 22:00:00,5.8,32,24,39.3,2.8,286.3
2025-12-04 23:00:00,4.2,32,24,39.3,2.8,286.3
2025-12-05 00:00:00,4.7,32,24,39.3,2.8,286.3
2025-12-05 01:00:00,4,32,42,21.2,2.4,286.3
2025-12-05 02:00:00,3,17,37,21.2,2.4,286.3
2025-12-05 03:00:00,2.4,17,37,21.2,2.4,286.3
2025-12-05 04:00:00,2.7,17,40,28.6,1.7,114.5
2025-12-05 05:00:00,2,38,21.4,1.4,114.5,0.0
2025-12-05 06:00:00,2.1,44,16.6,1.4,114.5,0.0
2025-12-05 07:00:00,3,54,9.8,2.6,114.5,0.0
2025-12-05 08:00:00,3.1,51,17.9,1.6,229,0.0
2025-12-05 09:00:00,4.7,51,17.9,1.6,229,0.0
2025-12-05 10:00:00,3,51,17.9,1.6,229,0.0
2025-12-05 11:00:00,2.4,3,53,19.4,1.4,114.5
2025-12-05 12:00:00,3.8,3,53,19.4,1.4,114.5
2025-12-05 13:00:00,3.4,2,52,21.1,1.7,114.5
2025-12-05 14:00:00,2.6,2,52,21.1,1.7,114.5
2025-12-05 15:00:00,3.1,4,53,18.6,1.8,114.5
2025-12-05 16:00:00,3.8,4,53,18.6,1.8,114.5
2025-12-05 18:00:00,3.8,4,46,29.3,1.6,114.5
2025-12-05 20:00:00,2.2,6,40,21.8,1.8,114.5
2025-12-05 21:00:00,2.7,6,40,21.8,1.8,114.5
2025-12-05 22:00:00,2.5,6,40,21.8,1.8,114.5
2025-12-05 23:00:00,2.5,7,40,29.5,1.8,171.8
2025-12-06 00:00:00,2.6,10,44,23.9,1.7,171.8
2025-12-06 01:00:00,1.5,5,44,23.9,1.7,171.8
2025-12-06 02:00:00,0.9,2,44,23.9,1.7,171.8
2025-12-06 03:00:00,1,2,43,13.4,1.8,114.5
2025-12-06 04:00:00,1.4,2,43,6.8,1.8,114.5
2025-12-06 05:00:00,0.9,0,50,12,1.8,114.5
2025-12-06 06:00:00,1,0,52,9.4,0.8,114.5
2025-12-06 07:00:00,1.2,0,52,12,2,114.5
2025-12-06 08:00:00,1.4,2,52,12,2,114.5
2025-12-06 09:00:00,1.3,52,12,2,114.5,0.0
2025-12-06 10:00:00,1.6,4,60,5.4,1.8,114.5
2025-12-06 11:00:00,1.8,4,60,5.4,1.8,114.5
2025-12-06 12:00:00,1.8,4,60,5.4,1.8,114.5
2025-12-06 13:00:00,2.1,4,60,5.4,1.8,114.5
2025-12-06 14:00:00,2.5,2,73,3.8,1.6,57.3
2025-12-06 15:00:00,2.1,2,73,3.8,1.6,57.3
2025-12-06 16:00:00,2.4,2,73,3.8,1.6,57.3
2025-12-06 18:00:00,2.5,8,77,2.8,1.6,114.5
2025-12-06 20:00:00,2.9,8,73,6.5,1.8,114.5
2025-12-06 21:00:00,2.9,15,56,6.5,1.3,114.5
2025-12-06 22:00:00,2.5,30,42,31.6,3,801.5
2025-12-06 23:00:00,2.8,30,42,31.5,3.5,801.5
2025-12-07 00:00:00,3.6,30,42,31.5,3.5,801.5
2025-12-07 01:00:00,2.5,31,18,35.1,3.7,801.5
2025-12-07 02:00:00,2,31,6,35.1,3.7,801.5
